"","teams_d","ScoreDiff","RoundPoints","LevRoundPts","favWin","score_dxLRPts","score_dxRPts","seed_d","ws.40_d","aBPM_d","TS_d","TOV_d","StlBlk_d","OR_d","PER_d","depth_d"
"1","connecticut northwestern 2024",17,2,1.5,1,25.5,34,8,2.65021261334127,3.47441627727061,-5.02901987513603,-0.767516360650419,1.35829891807534,0.189483249865608,0.301728004388306,2
"2","san-diego-state yale 2024",28,2,1.5,1,42,56,8,0.0336386419500334,3.17453145794148,-5.03857203274087,-0.575797825171365,2.28873288696999,0.0982836786237945,-0.0627449171981525,1
"3","illinois duquesne 2024",26,2,1.5,1,39,52,8,1.13541341811357,3.83485291488425,-4.87498684680277,1.10041872725549,-5.20316121513298,0.119176555885651,0.289461890209404,-2
"4","iowa-state washington-state 2024",11,2,1.5,1,16.5,22,5,1.22022424516712,2.65659156923998,-5.0187758861676,0.144572193991364,3.9884952114009,-0.0643189316984304,0.0324266743668495,1
"5","connecticut san-diego-state 2024",30,4,1.75,1,52.5,120,4,2.07450115181691,2.75501088411025,-4.88311035364205,0.451945006190429,0.136397009864023,0.089729546036589,0.405150725673144,0
"6","iowa-state illinois 2024",-3,4,1.75,0,-5.25,-12,1,0.593800342480188,0.637301132236114,-5.26434073215721,-0.466969407589495,6.57361055968172,-0.0846745624816813,-0.132735967744113,1
"7","connecticut illinois 2024",25,8,1.875,1,46.875,200,2,1.5441421500913,1.21547670149707,-5.21361960504962,0.037671280999338,4.28436949489533,0.0294189761683603,0.1870455397628,1
"8","north-carolina michigan-state 2024",16,2,1.5,1,24,32,8,0.924384001408952,1.0819638182359,-4.94298317573546,0.199745881444361,-1.71212750751394,0.0466467766491357,0.0947019579621557,0
"9","alabama grand-canyon 2024",11,2,1.5,1,16.5,22,8,-0.816810073024373,3.2999293054962,-5.10950587320417,0.319001006124227,-2.77597127405484,0.0142517399867979,0.115409192021023,-1
"10","baylor clemson 2024",-8,2,1.5,0,-12,-16,3,0.768827783549294,1.6626488448258,-5.2193741086786,-0.866372498188944,1.41441493547869,0.144701028294403,0.109594543713208,-1
"11","arizona dayton 2024",10,2,1.5,1,15,20,5,0.98863297410641,2.65493736147916,-5.39363527035699,-0.136226990957431,0.606649994274884,0.168293411861953,0.0638177378762329,1
"12","north-carolina alabama 2024",-2,4,1.75,0,-3.5,-8,3,0.654710842506061,0.419987602209205,-5.50810382996633,0.984073696295205,-0.617922717213473,-0.0370579047123443,-0.0855528754655293,-1
"13","arizona clemson 2024",-5,4,1.75,0,-8.75,-20,4,1.8669473454551,2.70475878707585,-5.2253150508094,-0.382492976434252,1.93581502814179,0.125762792262775,0.181599966694296,-1
"14","alabama clemson 2024",7,8,1.875,1,13.125,56,2,0.622553184348924,1.69897327438371,-5.20387311243772,-0.590621464656707,1.40821033683859,0.105764854972746,0.176692653188409,0
"15","purdue utah-state 2024",39,2,1.5,1,58.5,78,7,0.911603361917577,3.62314327223016,-5.30214327635774,-0.0885524204699681,-1.54845160972488,0.217999008759388,0.128573477420854,1
"16","kansas gonzaga 2024",-21,2,1.5,0,-31.5,-42,1,-2.40404802512803,-0.958393045921012,-5.45683954973696,-2.02289149277488,0.809585151628168,-0.149864107010079,-0.479625722773497,0
"17","creighton oregon 2024",13,2,1.5,1,19.5,26,8,1.53315212462319,2.16017905810124,-4.92536029153289,-0.0546627121313863,-3.51994986699074,-0.147925187689531,0.0956326782603394,-1
"18","tennessee texas 2024",4,2,1.5,1,6,8,5,0.983029974008478,1.38250823060976,-5.18292211556559,1.06402489776484,1.33586859307501,0.107164866831163,0.030660378302661,0
"19","purdue gonzaga 2024",12,4,1.75,1,21,48,4,-0.580337114425582,1.71220362234732,-5.43085148866215,-1.21642937032173,-1.31350538538064,0.0829304081920451,-0.144961942497342,2
"20","tennessee creighton 2024",7,4,1.75,1,12.25,28,1,0.0847412172975979,0.219571347959348,-5.51547922096712,0.432426692988012,5.24539699513206,0.211157114519365,-0.0415058556000009,1
"21","purdue tennessee 2024",6,8,1.875,1,11.25,48,1,0.388938112425309,0.886175058741706,-4.9344169505881,-1.08865498259946,-3.44088324570517,0.0796394997015272,0.123321428008121,1
"22","houston texas-am 2024",5,2,1.5,1,7.5,10,8,2.90961924835376,4.59494258528466,-4.62100240226881,0.193572723939342,5.3650080892924,-0.181505950492003,0.241328471233404,-2
"23","duke james-madison 2024",38,2,1.5,1,57,76,8,-0.161057216441971,4.13081922638579,-5.24628594034999,0.127463194103045,-0.241341577751946,0.0547016875749202,0.0908151241342086,-1
"24","north-carolina-state oakland 2024",6,2,1.5,1,9,12,3,0.23702814640354,3.12965796847919,-5.03203355245033,1.15124696775771,1.33682887585074,-0.00588044623702517,0.076917712050188,-1
"25","marquette colorado 2024",4,2,1.5,1,6,8,8,-0.609558225504506,0.116364901056182,-5.4772070430739,0.974713773330164,3.82358817375504,-0.0623142725610744,-0.110324123418131,3
"26","houston duke 2024",-3,4,1.75,0,-5.25,-12,3,1.01196677173131,2.03103725268707,-5.33182587120486,0.642301600170503,4.86063829093305,-0.0154531138206,-0.0167091229139608,-1
"27","marquette north-carolina-state 2024",-9,4,1.75,0,-15.75,-36,9,0.782338197283544,2.06469938007171,-4.90321270210681,-0.464101998474065,0.994896374618312,-0.0423828914449403,0.0203616998504842,1
"28","duke north-carolina-state 2024",12,8,1.875,1,22.5,96,7,2.04011459256393,3.06920133660906,-4.89791321040624,-0.308948758528145,-0.0227218971029419,0.0826735822499174,0.225985840767156,0
"29","connecticut alabama 2024",14,16,1.9375,1,27.125,224,3,2.12883374632375,1.47238548539179,-5.46798503074929,0.845086694448159,1.56427204706782,0.0597353553068702,0.197561363478026,0
"30","purdue north-carolina-state 2024",13,16,1.9375,1,25.1875,208,10,2.00630034302136,3.78664273610106,-4.88616599502193,-1.21322806161255,-1.64990383332949,0.164938438236693,0.187848904680766,1
"31","connecticut purdue 2024",15,32,1.96875,1,29.53125,480,0,1.01236220965019,0.0820915350241993,-5.38050257340751,0.898280522980605,2.56215345618634,-0.0248222604864829,0.165651062719014,0
"32","connecticut stetson 2024",39,1,1,1,39,39,15,3.20220250666925,9.26113961134785,-5.2036355187168,0.514195401652572,3.58543499200734,0.157540710915594,0.399296079343305,0
"33","iowa-state south-dakota-state 2024",17,1,1,1,17,17,13,1.79086698019938,6.74478293555806,-5.30280165190689,0.25253842373765,4.19139840415674,0.115992853839882,0.100190318783778,1
"34","illinois morehead-state 2024",16,1,1,1,16,16,11,-0.605617967945712,5.77268058766928,-5.21992708063246,1.3861155220066,-3.15695890232341,-0.002414540766791,0.103007515899208,0
"35","auburn yale 2024",-2,1,1,0,-2,-2,9,1.25736235071602,5.35165496931778,-4.99862488217854,-0.344274370385202,3.96496478527017,0.0998661786316389,0.174831725181038,2
"36","san-diego-state alabama-birmingham 2024",4,1,1,1,4,4,7,1.29108287733437,3.30440162536731,-5.00618755793848,0.345651824179956,0.573243842991742,-0.0403714876589405,-0.0460456344679486,1
"37","brigham-young duquesne 2024",-4,1,1,0,-4,-4,5,1.13718314788572,3.41161160380764,-4.88137241940826,0.664820420667406,-4.10464194534461,0.0598711573085597,0.169328392795576,0
"38","washington-state drake 2024",5,1,1,1,5,5,3,-0.348066536613596,1.11388332082121,-5.34277855133716,-0.897864274539017,2.49409216785279,0.190496397016412,-0.00542596615094198,-1
"39","florida-atlantic northwestern 2024",-12,1,1,0,-12,-12,1,0.381547510760454,-0.116316489038781,-5.05018566855464,-1.37762153332766,-0.852280429783855,0.083489818186024,0.0110373801051026,2
"40","north-carolina wagner 2024",28,1,1,1,28,28,15,2.02049208952604,10.0302817674657,-4.33624619055015,0.19140127760263,0.932630933596815,0.0217794822655585,0.437780051676087,1
"41","arizona long-beach-state 2024",20,1,1,1,20,20,13,2.65656781158219,7.26646416748148,-4.85102838036569,0.716166912125293,-1.33173854999009,0.0532994764944892,0.280296851537097,0
"42","baylor colgate 2024",25,1,1,1,25,25,11,0.127682703314581,6.17615546872422,-5.04395267877145,-0.2334219816755,0.00516223139520555,0.201856674416067,0.197299102949665,-2
"43","alabama college-of-charleston 2024",13,1,1,1,13,13,9,-0.0129335217040909,4.53098912879983,-5.05345195363302,-1.0275350960801,1.19828865156327,0.0187679095364292,0.0980662535932908,-1
"44","saint-marys-ca grand-canyon 2024",-9,1,1,0,-9,-9,7,0.848129920679761,2.11888171083331,-5.15671645499588,1.23477084031497,-2.94796942491904,0.0588906548460203,-0.00462272216119573,-3
"45","clemson new-mexico 2024",21,1,1,1,21,21,5,-0.990512444725666,-0.309554066133963,-4.90197512428615,-0.653355505889311,-4.62842336048384,-0.0252035157218149,-0.116196990464627,1
"46","dayton nevada 2024",3,1,1,1,3,3,3,-0.0384708495316692,0.163404391680387,-5.21972258160526,-0.157553350186572,-0.181198397744062,-0.00366118106839703,0.0841887400601959,-1
"47","mississippi-state michigan-state 2024",-18,1,1,0,-18,-18,1,-0.267179627300934,-1.01017853799529,-4.9557163255324,-1.59908349742196,0.0239000755694345,0.139740370421979,-0.0455676283532114,1
"48","houston longwood 2024",40,1,1,1,40,40,15,2.45172999387108,9.42735293486563,-4.8675756804119,1.91751948886383,6.00969628053019,-0.0920845856569389,0.340241534607043,-1
"49","marquette western-kentucky 2024",18,1,1,1,18,18,13,0.254000453778993,5.41304444823634,-5.05307950665058,1.1475391316132,1.95594796719206,-0.0186723594415525,0.143343622390415,0
"50","kentucky oakland 2024",-4,1,1,0,-4,-4,11,1.02346218123363,4.35257363418282,-4.97469769774948,0.761232378380693,3.19909908855391,-0.0253591185839318,0.270888717631046,0
"51","duke vermont 2024",17,1,1,1,17,17,9,1.03651202045487,5.98505387799835,-5.00777823693705,-0.374400913925973,0.773237790449899,0.192659745245608,0.287442668295576,-2
"52","wisconsin james-madison 2024",-11,1,1,0,-11,-11,7,-1.95018828363977,2.59825149186155,-5.26327388842383,0.0953681847076142,-3.4513271872416,-0.0214523534623047,-0.157597072435754,0
"53","texas-tech north-carolina-state 2024",-13,1,1,0,-13,-13,5,0.35137420526196,0.963543754072615,-4.90993097008731,-1.2883738899644,-3.04101078384669,-0.016038081104579,-0.0995698710338399,0
"54","florida colorado 2024",-2,1,1,0,-2,-2,3,-1.1642883601762,-1.35750529435976,-5.50847153633809,0.940135686454105,2.28683068976465,0.0184852177702737,-0.102664367964121,2
"55","nebraska texas-am 2024",-15,1,1,0,-15,-15,1,0.664175812990294,0.539152360515601,-4.58456683587432,-1.15062479057481,-1.51349288259389,-0.255523233552953,-0.00933188159577831,-1
"56","purdue grambling 2024",28,1,1,1,28,28,15,3.15405478179371,10.4891763174293,-4.75191653169456,1.25531280195951,-1.21985973175541,0.159236576617869,0.4769209851919,0
"57","tennessee saint-peters 2024",34,1,1,1,34,34,13,1.88463668386523,7.74187518148276,-4.45481990211356,1.66762895365405,0.554401459365543,-0.0185715702123975,0.371053086988974,-1
"58","creighton akron 2024",17,1,1,1,17,17,11,0.710816365781127,5.54692505293567,-5.05885358623634,0.760065675076302,-1.17832902548389,-0.102087661012016,0.250604262932033,-2
"59","kansas samford 2024",4,1,1,1,4,4,9,-1.2860997309881,3.03603872877263,-5.43960057365216,-0.0137483663577029,-1.68733840328064,-0.0594596810266133,-0.277980289020258,-4
"60","gonzaga mcneese-state 2024",21,1,1,1,21,21,7,-0.653910646920295,3.61624914600662,-5.25786320102844,0.234079320121113,-4.17504570891552,-0.00666001498625528,0.0798552892661501,-2
"61","south-carolina oregon 2024",-14,1,1,0,-14,-14,5,0.108288082065867,-0.575198231714283,-4.9879826115282,0.222037167939245,-2.74320759008549,-0.0127981996340849,-0.140539350068103,2
"62","texas colorado-state 2024",12,1,1,1,12,12,3,-0.000806167216787834,1.38367774936806,-5.30753268398268,-0.506464107261208,1.6968142454725,0.0868988790056204,0.0670464810722482,-1
"63","utah-state texas-christian 2024",16,1,1,1,16,16,1,0.324357721816794,-0.524050825357522,-4.98356016187361,0.351301220249364,-1.41283761372521,-0.177256114421082,0.075756109976496,-2
"64","colorado boise-state 2024",7,1,1,1,7,7,0,0.41603295025611,1.31873348915162,-5.06183760894279,-0.239500177329393,-0.296128176158271,-0.0355222632989912,0.192999257698382,-2
"65","colorado-state virginia 2024",25,1,1,1,25,25,0,0.61122531548988,0.746061908607035,-4.62184495905636,-0.736857206180648,-3.81239067756547,-0.0487845515474773,0.12200567690093,-1
"66","wagner howard 2024",3,1,1,1,3,3,0,0.22197049791765,-0.628549863709067,-5.27254635441506,2.56156306130244,0.190078114974051,-0.0263547274304552,-0.0730986803912138,-2
"67","montana-state grambling 2024",-7,1,1,0,-7,-7,0,0.389500582062806,1.4131180163192,-4.7786707088197,0.969534503701937,-0.266410571465865,-0.154349585558588,0.0874664817327549,-1
"68","florida-atlantic fairleigh-dickinson 2023",8,2,1.5,1,12,16,6,2.31069790123264,7.54698666914695,-4.9339645754411,-0.292155786645087,-0.806067850300884,-0.0718456882571536,0.106398410468977,-1
"69","tennessee duke 2023",13,2,1.5,1,19.5,26,1,1.29305420168059,1.71970751513228,-5.04172469579983,0.604373835419858,1.87864668086526,0.0941260107386625,-0.0155029580962655,0
"70","kansas-state kentucky 2023",6,2,1.5,1,9,12,3,-0.594698955630578,-0.555400368003655,-4.98096843019906,-2.22933809473667,0.26601391916692,-0.147802524621601,-0.305567751722884,2
"71","marquette michigan-state 2023",-9,2,1.5,0,-13.5,-18,5,1.30546300721593,0.835388086879143,-4.92464804718869,0.336689711001801,4.26639443333053,-0.00750491199643326,0.294303911675975,0
"72","tennessee florida-atlantic 2023",-7,4,1.75,0,-12.25,-28,5,0.247634213220342,2.31632289956527,-5.25482275179395,0.159153428130899,3.58180600308571,0.194897185727578,-0.0894609278148067,0
"73","kansas-state michigan-state 2023",5,4,1.75,1,8.75,20,4,0.678068054247742,0.312619789379784,-4.95217030780656,-1.37525362117523,2.26744851551174,0.10028778417988,-0.0233612926347341,0
"74","kansas-state florida-atlantic 2023",-3,8,1.875,0,-5.625,-24,6,-1.64234692756623,0.571129869704468,-5.23558105214726,-1.39150787340298,1.23747144344479,0.0212501969615111,-0.260296128067141,0
"75","kansas arkansas 2023",-1,2,1.5,0,-1.5,-2,7,0.180457688355371,1.45850564975421,-5.00181226567349,0.39259026165697,-2.1991510024093,-0.0960187350427437,0.0225309882067414,-2
"76","connecticut saint-marys-ca 2023",15,2,1.5,1,22.5,30,1,0.0131656419173547,0.358248588940739,-4.97329541472182,-1.77212625618173,0.65919513205483,0.153240650089436,0.0523122671157395,1
"77","gonzaga texas-christian 2023",3,2,1.5,1,4.5,6,3,1.5408269663201,1.23347665432958,-4.77501243945174,0.851051077034623,-2.31867296855404,0.0606008965708717,0.380164595657215,-1
"78","ucla northwestern 2023",5,2,1.5,1,7.5,10,5,1.5469848794998,2.31438671218602,-4.59060164625047,-0.383428876596988,-2.27704140291855,0.0494424375134992,0.165742135170116,0
"79","connecticut arkansas 2023",23,4,1.75,1,40.25,92,4,1.50745575325691,1.5708049262386,-4.98741350166964,-0.0943004115877351,-1.79761656025369,0.155304532287625,0.155618328138871,0
"80","ucla gonzaga 2023",-3,4,1.75,0,-5.25,-12,1,-0.147649098763831,0.295865753998729,-5.57664810592606,-0.316497127363423,0.804379844574806,-0.0203119675094086,-0.284239762640211,-1
"81","gonzaga connecticut 2023",-28,8,1.875,0,-52.5,-224,1,0.206829817270079,0.023603890374333,-5.09711622456656,1.95184064900378,-0.861910886301246,-0.14884958310937,0.245207774597928,-1
"82","houston auburn 2023",17,2,1.5,1,25.5,34,8,3.00243885498017,2.4540602372137,-4.8860616645814,1.19768611912573,1.6081993307853,0.128166900355128,0.304529371388604,0
"83","indiana miami-fl 2023",-16,2,1.5,0,-24,-32,1,-0.0357043886120243,1.26124991808455,-5.31689594610735,-0.0153544142377964,1.03410926959115,0.0405717951051037,-0.089884219964517,0
"84","xavier pittsburgh 2023",-18,2,1.5,0,-27,-36,8,0.166444276694572,1.95776965008541,-5.19832907079373,-0.15197636075121,-0.555312220069785,-0.00398558594219693,0.0340978061317148,-2
"85","texas penn-state 2023",5,2,1.5,1,7.5,10,8,1.12885405977393,2.05164027479333,-5.2898462380053,-0.82171848969395,4.4427946327256,0.169306611054148,0.0414342917150769,0
"86","houston miami-fl 2023",-14,4,1.75,0,-24.5,-56,4,2.93260618479484,3.60224408705078,-5.33095215354402,0.71690832189233,5.2052509862897,0.219897059608246,0.162504254054231,1
"87","texas xavier 2023",12,4,1.75,1,21,48,1,0.558400613641346,0.982205123777456,-5.30889577281315,0.208973697767776,2.35113214688518,-0.0126565209920849,-0.0639167180661058,3
"88","texas miami-fl 2023",-7,8,1.875,0,-13.125,-56,3,0.776257164565378,2.44056759097497,-5.32478454494675,0.0978154685954165,1.37176432145216,0.0367514709260206,-0.102886869318534,1
"89","alabama maryland 2023",22,2,1.5,1,33,44,7,0.898146127786818,1.7429564663067,-4.98273027728342,-1.24997287449553,0.233706638368028,0.0326773101050162,0.00253753670640506,2
"90","san-diego-state furman 2023",23,2,1.5,1,34.5,46,8,-0.395742861367957,3.57508065130118,-5.44700615932166,-0.133565861037303,1.81104326778052,0.0137945469046573,-0.206636828889139,0
"91","baylor creighton 2023",-9,2,1.5,0,-13.5,-18,3,-0.282103882959976,0.181093066331691,-5.24781401167921,-0.573853802459745,0.505897418894069,0.0962922044807542,-0.0208587574683655,-1
"92","missouri princeton 2023",-15,2,1.5,0,-22.5,-30,8,-0.643355521878433,2.55210241723642,-5.10844556962025,0.801125215794356,4.43236922561513,0.00342950289834416,0.215410714078208,1
"93","alabama san-diego-state 2023",-7,4,1.75,0,-12.25,-28,4,0.732640222096151,1.89560814638919,-4.91789485045021,-0.93451781607374,-1.62754850189567,0.0155686116026367,0.025691426781944,1
"94","creighton princeton 2023",11,4,1.75,1,19.25,44,9,0.139988987945681,4.43185653512294,-5.11198678541216,0.326547387044164,0.682292510466423,-0.0161445672497952,0.11503189436289,0
"95","san-diego-state creighton 2023",1,8,1.875,1,1.875,8,1,0.241527632352045,-0.218310319275786,-5.27378910514595,0.289164346153458,2.7881643811299,0.106923696772872,-0.0407582780052614,0
"96","san-diego-state florida-atlantic 2023",1,16,1.9375,1,1.9375,16,4,-0.962331338058669,0.900232878179995,-5.24694428286998,0.0965130444875602,2.6959724894759,0.0439642051607754,-0.109533737281662,0
"97","connecticut miami-fl 2023",13,16,1.9375,1,25.1875,208,1,1.39931046545583,2.34612515699081,-5.31961980641086,-1.09970721739887,1.4274198959165,0.223895089958126,-0.0205083964999471,1
"98","connecticut san-diego-state 2023",17,32,1.96875,1,33.46875,544,1,0.859268046161678,1.17466267085447,-4.91674326201822,-1.1127305744916,-0.138282158363388,0.124385436285111,0.13604898945968,0
"99","kansas howard 2023",28,1,1,1,28,28,15,0.672585465864744,7.29564862364573,-5.11829876082637,1.91994113457221,0.916129419736901,-0.153137750186096,0.135626831404847,-3
"100","arkansas illinois 2023",10,1,1,1,10,10,1,-0.137366381008558,0.429699305451002,-4.8973690587953,-0.223039711054873,1.31299736518269,-0.0201001561137629,0.0403847724415801,0
"101","saint-marys-ca virginia-commonwealth 2023",12,1,1,1,12,12,7,0.720971469303411,2.50212943711918,-5.04404504846086,1.962677411083,-2.89135982878618,0.0446001172139225,0.0801955624338923,0
"102","connecticut iona 2023",24,1,1,1,24,24,9,0.306672938251732,3.55365469617355,-4.9722742746165,-1.75892609404269,-2.09111412840803,0.110906085097688,0.0121544039813713,0
"103","texas-christian arizona-state 2023",2,1,1,1,2,2,5,0.89702170800703,1.41174350969495,-4.57856982404184,-0.0487683682087487,0.536703490631206,-0.0225241432199001,0.1780487732573,0
"104","gonzaga grand-canyon 2023",12,1,1,1,12,12,11,1.17500678999502,5.12881080603874,-5.21148656367946,1.42117494356917,2.63330838471471,0.00547296970217621,0.407219278493125,-1
"105","northwestern boise-state 2023",8,1,1,1,8,8,3,-0.651571484621054,-0.287465014005377,-5.09281416758171,0.877472248786051,5.22829468429077,0.00552713866216195,-0.0376217794619262,0
"106","ucla north-carolina-asheville 2023",33,1,1,1,33,33,13,1.48890192859339,6.85201188495916,-5.28104175260804,2.5555572734388,1.38621952181249,0.112555305029417,0.173881126275709,-1
"107","purdue fairleigh-dickinson 2023",-5,1,1,0,-5,-5,15,2.07424689980167,9.73966786996946,-4.94417581837595,-0.154433251243279,-0.633009717620824,0.120990898071837,0.16725068188857,-1
"108","memphis florida-atlantic 2023",-1,1,1,0,-1,-1,1,-1.65651549934964,0.0694231959449843,-5.22362285644861,-0.897052142052251,4.04062462007362,-0.0144537079288408,-0.134029689151615,2
"109","duke oral-roberts 2023",23,1,1,1,23,23,7,-1.1918362239293,1.67744514006359,-5.41490152500055,-1.99785084572591,-1.29041178886911,0.203216773553958,-0.324981869533082,1
"110","tennessee louisiana 2023",3,1,1,1,3,3,9,1.33530629623824,5.09448348265805,-5.23093209380287,0.74178077561189,2.92622506787588,0.142444821417338,-0.0978586673809357,1
"111","kentucky providence 2023",8,1,1,1,8,8,5,0.558430336140828,1.78423232295866,-5.01327410724451,0.645462555306114,-0.772529478058502,0.127563864984637,0.0606768139793608,-2
"112","kansas-state montana-state 2023",12,1,1,1,12,12,11,-0.0739681981295206,4.33110640986255,-5.23350084879797,-0.600119582469326,0.532067777131427,0.0968535599332831,-0.0377203460605614,-1
"113","michigan-state southern-california 2023",10,1,1,1,10,10,3,-0.682241281287613,-0.0874341101893883,-5.03220724989087,0.507770422179373,-4.33910062347033,-0.0509977359120938,-0.148001794846313,2
"114","marquette vermont 2023",17,1,1,1,17,17,13,0.378526579282573,4.37647929503593,-5.18196213142577,-0.992033406808846,2.98911408779772,0.0928008570024125,0.105723578033762,0
"115","alabama texas-am-corpus-christi 2023",22,1,1,1,22,22,15,1.13652006313767,7.65786195079784,-5.15278387038567,-0.311059559861439,0.277330413632029,0.0189690603713039,0.0113032124324185,1
"116","maryland west-virginia 2023",2,1,1,1,2,2,1,0.840291879436609,0.445703819183559,-4.9965074870764,1.05712400191932,0.407833872877166,0.0249091643164934,0.126388144456615,-1
"117","san-diego-state college-of-charleston 2023",6,1,1,1,6,6,7,-0.81742237587843,2.50441572587726,-5.00304372237784,0.183060098349615,2.06011978264364,-0.0235175404433522,-0.110307746401302,0
"118","virginia furman 2023",-1,1,1,0,-1,-1,9,-0.446637032150285,3.36553986186193,-5.44376880393889,0.794464681055717,3.4728537413557,-0.145525981705705,-0.0841337588075216,-2
"119","creighton north-carolina-state 2023",9,1,1,1,9,9,5,-0.00762515327924262,1.30120411926563,-4.88040407015158,-1.86570707231465,-3.42872862918964,-0.0934145463038242,-0.108878766223393,0
"120","baylor california-santa-barbara 2023",18,1,1,1,18,18,11,-0.0772593624705333,4.17298147381635,-5.24327569703537,-0.505172016491092,0.0183781625682951,0.118553427621906,-0.0120321945378329,0
"121","missouri utah-state 2023",11,1,1,1,11,11,3,-1.00205225123041,-1.27366594816013,-5.46954891129332,0.709369904015883,4.20915428536307,-0.00331009756409513,0.0679571341641054,2
"122","arizona princeton 2023",-4,1,1,0,-4,-4,13,0.677995232330639,5.20420501511593,-5.0993538036179,-0.398682901424366,0.664084265074031,0.0469524190966871,0.174836109371446,-2
"123","houston northern-kentucky 2023",11,1,1,1,11,11,15,3.15797323798121,7.5726392638418,-4.84690488574014,1.03288988112699,2.58298962577196,0.125231776833332,0.337990676050629,0
"124","iowa auburn 2023",-8,1,1,0,-8,-8,1,-0.10513125223257,-0.52181148882216,-4.89071608136805,1.90645417437938,-4.11276175799744,-0.00658281108599796,0.146144406072712,-1
"125","miami-fl drake 2023",7,1,1,1,7,7,7,-1.20561635944959,1.14848776396541,-5.17392174870942,-0.347680369014018,2.11235998184477,0.0239412020057719,0.110194591492266,0
"126","indiana kent-state 2023",11,1,1,1,11,11,9,-0.874478963190679,2.65171288557943,-4.96794972409327,-0.02183694300368,-2.53114334668383,-0.0573180320989325,-0.00757620942199821,0
"127","iowa-state pittsburgh 2023",-18,1,1,0,-18,-18,5,-0.282286696662954,1.39003572326416,-5.25336215056989,-1.45833831649174,2.98974357067636,0.0371627812731135,-0.265982280782954,1
"128","xavier kennesaw-state 2023",5,1,1,1,5,5,11,0.329769430785099,5.26178218104807,-5.02267925542619,0.356367466756564,-1.60285552855109,0.0861639780924842,0.196122180877739,-3
"129","texas-am penn-state 2023",-17,1,1,0,-17,-17,3,0.458100975726119,0.0751039096541906,-5.30649066187817,-1.52691056973634,2.81328193288135,0.297986180456082,-0.0972432499745986,1
"130","texas colgate 2023",20,1,1,1,20,20,13,-0.0192305186748367,5.38541664198926,-5.48592369745199,-0.112931521367535,1.33521470784539,0.0729137591442367,-0.203146884899111,1
"131","arizona-state nevada 2023",25,1,1,1,25,25,0,-0.545478759509129,0.21460541250584,-5.12454226834737,-0.0121617836668069,2.81720039916084,0.127889654409681,-0.0634868068363327,0
"132","mississippi-state pittsburgh 2023",-1,1,1,0,-1,-1,0,-0.350917178322392,0.48252655604763,-5.27757749922992,-0.741178417741075,3.29654903740095,0.128194545466866,-0.220337676773544,1
"133","texas-southern fairleigh-dickinson 2023",-23,1,1,0,-23,-23,0,-1.31541643264957,0.261958971521482,-5.00653634577603,-1.66916136647263,0.0559599479152926,-0.0552047823496609,-0.434049485115239,1
"134","notre-dame rutgers 2022",2,1,1,1,2,2,0,0.705005377055287,0.0579699234141136,-4.70447253716516,0.739919673318376,-5.09604829135143,-0.118937420239434,0.0171786427746078,0
"135","alabama notre-dame 2022",-14,1,1,0,-14,-14,5,-0.501720852079706,1.58885516090816,-5.17355735631896,-1.60808038590684,4.40523387729938,0.210400445700585,0.0375103995567471,1
"136","gonzaga georgia-state 2022",21,1,1,1,21,21,15,3.01741249385958,7.68359112781492,-4.43711987556524,-0.495163154471951,-2.39355644258263,-0.159264902009424,0.411459407742256,0
"137","boise-state memphis 2022",-11,1,1,0,-11,-11,NA,0.786831819845666,0.232205218257684,-5.06505360020715,2.32729490942736,-4.44048185924567,-0.146981106594222,-0.0423146298745776,-3
"138","connecticut new-mexico-state 2022",-7,1,1,0,-7,-7,NA,0.714665638467492,3.75628892431172,-5.0115752782808,1.52817948462941,2.39875453844021,0.0445804471968087,0.243738777496032,-2
"139","arkansas vermont 2022",4,1,1,1,4,4,NA,-1.70645393939709,2.47738599505951,-5.41394634736904,-0.769350192578805,3.20884019389823,0.103869404947322,-0.212096022392727,-3
"140","texas-tech montana-state 2022",35,1,1,1,35,35,NA,0.85884103415393,5.94837499376775,-5.32751195255109,-0.431312926897382,3.56792240287826,0.0770420971418845,0.00803583123484266,0
"141","michigan-state davidson 2022",1,1,1,1,1,1,NA,-1.62512185018752,0.579703817887162,-5.45695906215316,-1.78696160787598,2.87605777900905,0.133530922351824,-0.183164696735817,1
"142","duke cal-state-fullerton 2022",17,1,1,1,17,17,NA,2.04893784240369,5.69140984889087,-4.85425441733219,1.16396488680931,2.58080682811291,0.0563641816213212,0.475179915173053,0
"143","baylor norfolk-state 2022",36,1,1,1,36,36,NA,-0.0173782198480223,7.16418483775954,-5.16052587704828,0.799422413187711,2.18884073937849,0.0236521620459947,0.0940189315641348,-1
"144","north-carolina marquette 2022",32,1,1,1,32,32,NA,0.835170016047529,1.0483899908831,-5.03361637313582,1.10924245586169,-2.84227105377633,0.136714408156781,0.220362832977531,-3
"145","saint-marys-ca indiana 2022",29,1,1,1,29,29,NA,1.1195895236266,0.532729254265444,-4.93384351354095,-0.274998336565228,-2.08891776243359,-0.0309980034875769,0.0471214689620787,-1
"146","ucla akron 2022",4,1,1,1,4,4,NA,0.671337549497682,6.06123005603555,-5.14421777571362,1.72417403528228,1.49072964899502,0.0611851332268875,0.161376825931237,1
"147","texas virginia-tech 2022",8,1,1,1,8,8,NA,0.122055111560458,0.617825309355134,-5.24785311513539,0.0331364440947572,2.12392031594755,0.0880651551888425,-0.123717640493258,1
"148","purdue yale 2022",22,1,1,1,22,22,NA,1.70376608800884,6.24457168009314,-4.86282638385128,0.542715683702576,-0.531219311995708,0.192701392333683,0.434171276215375,1
"149","murray-state san-francisco 2022",5,1,1,1,5,5,NA,-6.31017356080732,-4.89622233001288,NA,NA,-10.8390667574932,-0.496491360507287,-1.71841954622988,1
"150","kentucky saint-peters 2022",-6,1,1,0,-6,-6,NA,1.8242074727409,6.61742234783149,-4.71943783878602,1.75278934031434,-2.26908215627286,0.099297033811436,0.466280667631916,-2
"151","arizona bryant 2022",17,1,1,1,17,17,NA,2.62551274459887,8.25943268635024,-4.90025936390827,0.46098930492828,2.01755576675431,0.117741545841773,0.373059724819818,-1
"152","seton-hall texas-christian 2022",-27,1,1,0,-27,-27,NA,0.588485458110072,0.0870956620863232,-4.71040753731266,1.22139506801368,1.6556999747249,-0.0720516346793123,0.15711865763167,0
"153","houston alabama-birmingham 2022",14,1,1,1,14,14,NA,0.838540187776966,3.67319573935135,-5.04962216538027,-0.0810817912288231,1.56115223034876,0.136263970175839,0.0627739500700823,-2
"154","illinois chattanooga 2022",1,1,1,1,1,1,NA,-0.668900178713179,3.1524229638626,-5.16554775718092,-0.277168789429594,-2.21404706215301,-0.0382592071046645,-0.121028911239294,-2
"155","colorado-state michigan 2022",-12,1,1,0,-12,-12,NA,1.20346547032874,-0.573279726474133,-4.99684883156335,0.773850971864364,2.34159328412813,-0.150479882783534,0.128025075987219,1
"156","tennessee longwood 2022",32,1,1,1,32,32,NA,-0.224873044290415,6.40184989771145,-5.08313457718733,-0.273101636614347,2.78344588062511,-0.0637337830997666,-0.117664116101463,0
"157","ohio-state loyola-il 2022",13,1,1,1,13,13,NA,-1.51974397569508,0.0247365222815157,-5.36184583676182,0.635067425161801,0.173230009396729,0.0716725793355142,0.0329814072616628,-1
"158","villanova delaware 2022",20,1,1,1,20,20,NA,1.63753114940012,6.1853766094087,-5.21528183768994,1.68338037843999,-1.1791293744179,0.00901993092661364,0.13274159972954,-1
"159","kansas texas-southern 2022",27,1,1,1,27,27,NA,1.54531455744276,7.53396510361889,-4.67416715276428,1.31549585205781,-0.840424873685619,-0.0434764855610957,0.380266196544228,-1
"160","san-diego-state creighton 2022",-3,1,1,0,-3,-3,NA,0.748808350637299,0.508226134406409,-5.0924543245159,0.107921271515552,3.31562210344756,-0.0828613892298989,-0.0913272905307638,2
"161","iowa richmond 2022",-4,1,1,0,-4,-4,NA,1.83714956833341,3.52462287662294,-4.93542148014867,0.590021546136828,1.31984777969068,0.196179976236444,0.378525913506291,1
"162","providence south-dakota-state 2022",9,1,1,1,9,9,NA,-1.61964920854444,1.61665851036049,-5.78871056501237,-0.452180892300758,0.837424399048323,0.0952301693562331,-0.387132723507285,-1
"163","louisiana-state iowa-state 2022",-5,1,1,0,-5,-5,NA,1.44581340829001,2.03928065925638,-4.78747557139185,0.0840249579750907,4.20530706270747,0.134042773029544,0.284983520497195,-1
"164","wisconsin colgate 2022",7,1,1,1,7,7,NA,-0.626863068983176,4.74784888732392,-5.32862455756069,1.65948769272708,-1.26530359214556,-0.0103705761118137,-0.0869709493993263,-1
"165","southern-california miami-fl 2022",-2,1,1,0,-2,-2,NA,0.647018337918311,0.861685666539818,-5.19286213693543,-0.953069509113455,-2.57961308803628,0.188685149357441,-0.141366667337191,0
"166","auburn jacksonville-state 2022",19,1,1,1,19,19,NA,0.541080399342207,5.53714619955584,-5.2674825186507,1.19377610451342,7.12811708286075,0.000592809213981838,0.0744139565144906,0
"167","wyoming indiana 2022",-8,1,1,0,-8,-8,0,0.671171264663719,-1.06293469926837,-4.9214592050925,-0.082980703280942,-5.24265695193427,-0.012277596899861,0.0111380098950029,-1
"168","baylor north-carolina 2022",-7,2,1.5,0,-10.5,-14,NA,0.949175585041786,1.63941959338315,-5.19266969311017,-0.551360882588406,2.9639957928232,0.0609584979003822,-0.0819942525940849,2
"169","ucla saint-marys-ca 2022",16,2,1.5,1,24,32,NA,0.359034041070423,1.39159494730486,-5.06362547549243,1.73099402065004,1.24263733143656,0.158750841941225,0.209963630655925,1
"170","purdue texas 2022",10,2,1.5,1,15,20,NA,0.232815472927278,0.821624813866838,-4.81897653267868,0.137582232647452,-2.73256363041661,0.0662329573412603,0.30872070432371,1
"171","murray-state saint-peters 2022",-10,2,1.5,0,-15,-20,NA,-5.25682865179269,-0.529196872533958,NA,NA,-11.9152906870785,-0.51826872748244,-1.47798997790985,0
"172","ucla north-carolina 2022",-7,4,1.75,0,-12.25,-28,NA,0.899775601574783,1.26760552561109,-5.19760189944123,1.21614656521953,1.12621810663259,0.0773045726536422,0.000258638371535369,3
"173","purdue saint-peters 2022",-3,4,1.75,0,-5.25,-12,NA,1.11335071955143,5.70418019802555,-4.68385798216018,1.22296503207279,-3.80656565770134,0.0865105351136741,0.423678774639981,1
"174","north-carolina saint-peters 2022",20,8,1.875,1,37.5,160,NA,0.406187865581986,4.63858708105708,-4.71013743648293,1.52461736433398,-2.92505207536488,-0.0366070480871518,0.347032330033199,-3
"175","gonzaga memphis 2022",4,2,1.5,1,6,8,NA,3.51975176426446,4.32251743493056,-4.98463303198927,2.73254122159345,-2.86756871060782,-0.185337590148033,0.472032466417881,-2
"176","arkansas new-mexico-state 2022",5,2,1.5,1,7.5,10,NA,0.0593146174071393,3.44389064809204,-5.00481004445512,1.28614579742003,1.32733804363829,-0.154326255556716,0.0833779855161847,-4
"177","texas-tech notre-dame 2022",6,2,1.5,1,9,12,NA,1.39292580067311,2.87520872805712,-5.17395303218063,-1.98660532056337,5.8613092837325,0.158924217980725,0.00418011641262304,3
"178","duke michigan-state 2022",9,2,1.5,1,13.5,18,NA,2.15157429486689,1.65597296307018,-4.9708883177141,1.95648627483378,0.718693965406326,-0.00316750013088409,0.389190555068418,-1
"179","gonzaga arkansas 2022",-6,4,1.75,0,-10.5,-24,NA,3.06187803451058,3.01025748584367,-4.79261065247878,0.16903600178675,0.0814901660506742,-0.00557392186971333,0.468243963548619,1
"180","duke texas-tech 2022",5,4,1.75,1,8.75,20,NA,0.286304027344466,-0.209694352952084,-5.00886829085449,2.37461004254379,-0.971532465744836,-0.00355778685879979,0.379832976905875,-2
"181","duke arkansas 2022",9,8,1.875,1,16.875,72,NA,1.26013904232196,0.799510273832969,-4.82930049487257,0.961046296093275,0.213663091351179,0.0532349222772111,0.390928568832438,1
"182","kansas creighton 2022",7,2,1.5,1,10.5,14,NA,1.1985713954378,2.41688739866943,-5.05217111417249,0.92527730268896,0.0257845934215339,-0.00811244152408994,0.209828649369716,2
"183","providence richmond 2022",28,2,1.5,1,42,56,NA,0.218787122950108,1.15458518925724,-4.95803820094313,-1.06338750992627,-1.05029181666378,0.130376345674269,-0.0433388025550732,-1
"184","wisconsin iowa-state 2022",-5,2,1.5,0,-7.5,-10,NA,0.659337108525552,1.50704867158342,-4.78992782544385,3.3038482952466,-3.20775060873295,0.000893809139634705,0.329695782047055,-2
"185","auburn miami-fl 2022",-18,2,1.5,0,-27,-36,NA,1.37484829784383,2.75247073298969,-5.19212222591143,-0.565273022849659,4.88211619502194,0.125152789619091,-0.0441731371849592,1
"186","kansas providence 2022",5,4,1.75,1,8.75,20,NA,1.19330764373539,2.79294051591266,-4.8804582916557,-0.356622314608148,0.956497913239424,0.0417486724623069,0.201668385234035,1
"187","miami-fl iowa-state 2022",14,4,1.75,1,24.5,56,NA,0.118744148312386,-0.487066751662001,-4.75302481913371,2.49677552457335,0.00115139629421712,-0.0655717465761828,0.437872016445769,-1
"188","kansas miami-fl 2022",26,8,1.875,1,48.75,208,NA,1.36522268069041,3.34578189453818,-5.16472742409088,-1.28653069619806,-1.83419876406945,0.158719272167556,-0.0260798970262631,1
"189","arizona texas-christian 2022",5,2,1.5,1,7.5,10,NA,2.80046776247912,3.07110084532547,-4.6445352404551,0.841424614353855,1.15394918227099,0.00197630382344709,0.461593011288487,-1
"190","illinois houston 2022",-15,2,1.5,0,-22.5,-30,NA,-2.03553878763182,-1.44485704594188,-4.98765888986046,-0.342070725261186,-7.38302241072419,-0.216140651265064,-0.206272280259144,-1
"191","tennessee michigan 2022",-8,2,1.5,0,-12,-16,NA,1.57412944219902,2.19245543725256,-5.05088838889601,0.0233730780951991,5.21191390627468,-0.0323554749734649,0.00480614211976622,0
"192","villanova ohio-state 2022",10,2,1.5,1,15,20,NA,1.36173703277948,2.08911649526402,-5.25468769386241,0.958662153370233,-0.424274890797024,-0.0102902701420641,0.0858548931534173,-2
"193","arizona houston 2022",-12,4,1.75,0,-21,-48,NA,-0.15505022799855,0.335972019927588,-4.9543458058865,-0.725383181556177,-3.15291139636212,-0.088200001421816,0.0502836038330738,0
"194","villanova michigan 2022",8,4,1.75,1,14,32,NA,1.85607763695162,2.28540398082269,-5.01412753273126,1.10040581954604,1.29651286198463,-0.0404457509153427,0.182869832012419,-2
"195","villanova houston 2022",6,8,1.875,1,11.25,48,NA,-1.27726957875527,-0.256878268512747,-4.97267848438368,0.634672886857309,-5.68280993123418,-0.240570555617873,-0.10974401477631,-1
"196","kansas villanova 2022",16,16,1.9375,1,31,256,NA,-0.359733564570117,-0.0889939070662242,-5.17494894429895,-1.30562594993629,0.657149154472355,0.0462687797177449,-0.0400528305601164,2
"197","duke north-carolina 2022",-4,16,1.9375,0,-7.75,-64,NA,1.32491109637586,1.00758652432357,-5.15289680803087,0.642234844723864,2.18086672386193,0.0560303857390655,0.206230342522043,2
"198","kansas north-carolina 2022",3,32,1.96875,1,5.90625,96,NA,0.60259618137552,1.57423373438514,-5.16984704776225,-0.605007185154348,0.388585661358395,0.0668593948624999,-0.03157769021146,3
"199","gonzaga norfolk-state 2021",43,1,1,1,43,43,NA,3.6894879238769,9.74607267187867,-4.80433013678706,0.444451064156607,0.344075232445304,0.0508868783748003,0.714377420015537,-3
"200","oklahoma missouri 2021",4,1,1,1,4,4,NA,1.1628531460336,1.16049024388354,-4.88305556950529,1.64131291098635,1.7370239658897,-0.0241032364144768,0.23563896494916,-1
"201","creighton california-santa-barbara 2021",1,1,1,1,1,1,NA,-1.34498665571527,3.05996462147214,-5.29349404405322,-0.17810426149322,0.0490931811188364,-0.106946964869926,-0.100888054739113,-1
"202","virginia ohio 2021",-4,1,1,0,-4,-4,NA,-0.0155255052140237,3.02748303145826,-5.37242250211777,0.183387207776378,2.1965711944195,-0.156160981996801,-0.0640267427103613,0
"203","southern-california wichita-state 2021",16,1,1,1,16,16,NA,0.729859347482081,1.6662761933027,-4.69456633533513,-1.00349249685993,0.546592423538442,0.129465683191549,0.0672551021672188,2
"204","kansas eastern-washington 2021",9,1,1,1,9,9,NA,-0.425211449854522,3.84438307954184,-5.35515233195854,-0.420031596708141,3.82177066636283,0.0643262527954239,-0.109468475596077,-1
"205","oregon virginia-commonwealth 2021",5,1,1,1,5,5,NA,-0.169384130527749,-0.192756890342959,-5.01213332835235,1.96402384367953,-4.50963380473556,0.0487444735474103,0.132479707728506,-2
"206","iowa grand-canyon 2021",12,1,1,1,12,12,NA,-0.64066075354849,5.38170942562986,-5.23502874757646,1.97421818901441,1.68220553348742,-0.0241628084382379,0.282660858841899,1
"207","michigan texas-southern 2021",16,1,1,1,16,16,NA,1.39948343835125,9.34312904781327,-4.82250865914807,1.26151675247535,-2.17633053112012,-0.085147064811381,0.322498167325399,-2
"208","louisiana-state st-bonaventure 2021",15,1,1,1,15,15,NA,-1.13870983082096,-0.540623454566162,-4.89391349882991,-0.263733517144558,-0.886580841221953,0.0164238078393452,0.0771494224161312,2
"209","colorado georgetown 2021",23,1,1,1,23,23,NA,2.37932172970649,1.57301209014498,-4.84039445334562,2.07022558469649,-1.07614079961648,0.0404918949003584,0.267384928084926,3
"210","florida-state north-carolina-greensboro 2021",10,1,1,1,10,10,NA,0.214377662184384,3.93284420920326,-4.54701279395435,-2.30343230103683,0.552005119240276,0.0915741847478847,0.113166822768016,0
"211","brigham-young michigan-state 2021",-11,1,1,0,-11,-11,NA,2.676425959728,1.09789864881294,-4.62559219467166,-0.107053467644098,-2.02393551227374,0.00988152817268038,0.282840934532058,0
"212","texas abilene-christian 2021",-1,1,1,0,-1,-1,NA,-2.08852896780952,3.4841149018025,-5.01067215450169,-0.517881828821624,-2.63500320061361,-0.0164605582432655,-0.0463890005616062,-3
"213","connecticut maryland 2021",-8,1,1,0,-8,-8,NA,0.550341753095855,-0.125707391968396,-5.15891713478659,0.267531656675371,2.70419764522308,0.225725869729641,0.0612910936850536,2
"214","alabama iona 2021",13,1,1,1,13,13,NA,0.413644929829498,5.90308426341294,-5.05246966501385,1.27086555220942,-0.0388127212782781,-0.0538851126671442,0.0568971193634304,2
"215","baylor hartford 2021",24,1,1,1,24,24,NA,3.53684256949781,8.28512252374781,-4.82905962068749,1.07016002979057,3.20052436066506,0.23330992640879,0.645315342004084,0
"216","north-carolina wisconsin 2021",-23,1,1,0,-23,-23,NA,0.0905096186920451,-0.819178175394794,-4.82739905374436,-2.60825232156262,1.70661836433548,0.368678619348983,0.0457763598795228,1
"217","villanova winthrop 2021",10,1,1,1,10,10,NA,-0.805230123212643,4.2107333744996,-5.03667763338362,2.99782718713471,-2.39337128515844,-0.131097400159035,0.06170840746179,-5
"218","purdue north-texas 2021",-9,1,1,0,-9,-9,NA,-0.760624122556346,2.85878011186831,-5.20459685868324,1.17020288385037,0.196415298346086,0.12983421965465,0.0354073516642316,2
"219","texas-tech utah-state 2021",12,1,1,1,12,12,NA,-0.165319435638001,1.61131270745204,-4.86391210672911,0.862475766540491,0.561974579434114,0.0328963644906276,0.0831420528982715,0
"220","arkansas colgate 2021",17,1,1,1,17,17,NA,-1.88568716920768,-0.606106576127785,-5.44367420405825,-1.696243719129,2.65498921411306,0.129283878918451,-0.369361518756805,3
"221","florida virginia-tech 2021",5,1,1,1,5,5,NA,-0.390875883234404,0.189758731792788,-5.07343506261125,-1.29131404717984,3.540204718572,0.0551078431298485,0.013850028685135,0
"222","ohio-state oral-roberts 2021",-3,1,1,0,-3,-3,NA,0.142192648829021,5.96019924438181,-5.33796862637979,0.305324117268325,-0.751294249469024,0.134841322634556,0.0535633843228858,2
"223","illinois drexel 2021",29,1,1,1,29,29,NA,1.48357994025462,7.07884824921984,-5.22941154550458,0.0900526203149825,0.713513881735524,0.108927122424603,0.160524911921097,1
"224","loyola-il georgia-tech 2021",11,1,1,1,11,11,NA,3.31342580451622,1.1303580003115,-5.10936974684212,-0.39187306912667,-0.773519933033379,0.21644607896632,0.243407680476266,2
"225","tennessee oregon-state 2021",-14,1,1,0,-14,-14,NA,1.67423539093102,3.27398147429262,-4.89793848688715,-0.578772453670453,2.51657722820762,-0.0582059607563982,0.0831560987873839,-2
"226","oklahoma-state liberty 2021",9,1,1,1,9,9,NA,-2.99024964198673,2.37566005856275,-5.54629515277667,-2.44953502829172,3.59102493300619,0.101014931159051,-0.3071703472451,1
"227","san-diego-state syracuse 2021",-16,1,1,0,-16,-16,NA,1.75584105675539,-0.169000172698203,-4.94112247577785,-0.417568393566277,-1.79294238595293,0.0115900455229232,-0.118249213044833,4
"228","west-virginia morehead-state 2021",17,1,1,1,17,17,NA,-0.0653883833970132,4.98705516169937,-5.01492300586811,2.4112776223077,-0.742714241646269,0.00716371054286302,0.171340473288632,0
"229","clemson rutgers 2021",-4,1,1,0,-4,-4,NA,0.467327384986927,-0.406195623234493,-4.7652041233435,-1.48577708139285,-3.2332359529376,-0.0529093128294112,-0.17137587161955,1
"230","houston cleveland-state 2021",31,1,1,1,31,31,NA,4.39853995639377,7.70262895231774,-4.80979091919227,0.919920127848179,4.12088435138991,0.185511699182704,0.414843506033563,0
"231","gonzaga oklahoma 2021",16,2,1.5,1,24,32,NA,3.71804051351185,4.16968287719966,-4.82240937507402,-0.19708610607509,-0.905148551862574,-0.00431539878049625,0.509860916507851,0
"232","creighton ohio 2021",14,2,1.5,1,21,28,NA,-0.147420897377575,2.52915172845902,-5.38825460949672,0.0118233880506367,1.61423499981483,-0.0680648540046727,-0.155679080800682,1
"233","kansas southern-california 2021",-34,2,1.5,0,-51,-68,NA,-0.383329789184644,-0.0961542966149622,-4.9365969874874,-0.02114051783186,1.49638475675328,-0.119558029235869,-0.0788817834786453,-2
"234","iowa oregon 2021",-15,2,1.5,0,-22.5,-30,NA,1.09025779540439,2.94446603831661,-5.09931051705267,1.10520581296592,-0.495889771260376,0.0512770680057867,0.244744565347742,2
"235","gonzaga creighton 2021",18,4,1.75,1,31.5,72,NA,3.12849708613957,3.36114763736473,-5.19976002154262,-0.0120040195729469,0.0764736292403541,0.089459629149469,0.458016772407544,-1
"236","southern-california oregon 2021",14,4,1.75,1,24.5,56,NA,0.470505757795637,0.813966692956166,-5.12719310943833,-0.397133270759708,-0.468945569646674,0.104841197394608,-0.0847281068894198,2
"237","gonzaga southern-california 2021",17,8,1.875,1,31.875,136,NA,3.15643596324272,3.90080157625974,-4.83500472420838,0.574060587969255,0.363572806786308,-0.120349102757754,0.579989888409844,-2
"238","michigan louisiana-state 2021",8,2,1.5,1,12,16,NA,1.12786488487329,2.65694413695913,-5.18291025926536,-0.579651537234469,-0.824141434602083,-0.0965715775854511,0.0191123105570689,-2
"239","florida-state colorado 2021",18,2,1.5,1,27,36,NA,-0.8285719094322,0.329353895045831,-5.14300125297954,-1.61842448768594,3.94722179529812,0.120142475437672,0.0293941445326997,0
"240","ucla abilene-christian 2021",20,2,1.5,1,30,40,NA,-2.34261726708328,3.47992774845356,-5.02699888298889,1.77947274264928,-4.90763571504553,-0.0226885466940961,0.0031626018505154,-1
"241","alabama maryland 2021",19,2,1.5,1,28.5,38,NA,0.842497765346891,0.715881306794403,-5.13951408328831,-0.672479342288374,2.22339385619887,0.151592041181783,-0.0107938819753659,2
"242","michigan florida-state 2021",18,4,1.75,1,31.5,72,NA,0.922011423605453,1.94557366075323,-5.14246489986978,0.994868785813487,-3.02067490138656,-0.166734107338523,0.0985883115336978,-3
"243","alabama ucla 2021",-10,4,1.75,0,-17.5,-40,NA,0.632040247775931,0.737681885610391,-4.97564066527431,-1.55866665477582,3.41108571080037,-0.0425597683571278,-0.107728929977487,0
"244","michigan ucla 2021",-2,8,1.875,0,-3.75,-16,NA,1.33741964437252,2.29258997463028,-4.93274334422709,-1.02076597042815,1.33457575904259,-0.0706912759973132,0.153911457261021,-3
"245","baylor wisconsin 2021",13,2,1.5,1,19.5,26,NA,2.86282397089911,1.64585506598223,-4.75479225303735,-1.73187518572873,2.4157327314652,0.289808427345902,0.448964182350744,0
"246","villanova north-texas 2021",23,2,1.5,1,34.5,46,NA,-0.0206235088779199,3.15345635559838,-5.1866119873817,3.26760605107256,-2.31508146653778,0.0487293905211525,0.166811966881841,-1
"247","arkansas texas-tech 2021",2,2,1.5,1,3,4,NA,-0.180118962331851,-0.218737692325003,-4.86400470132061,-0.683118660926925,0.0213011474667191,-0.0464699419381096,-0.0108354403124583,1
"248","florida oral-roberts 2021",-3,2,1.5,0,-4.5,-6,NA,-0.129780596116214,4.99620487085999,-5.34155327137525,-1.89893052775474,4.27856241003568,0.134108140262341,-0.056901501341607,0
"249","baylor villanova 2021",11,4,1.75,1,19.25,44,NA,2.08422106708545,1.82208698736889,-5.09333462558866,-2.02451472600848,5.20837316017316,0.179901768025711,0.307459882482469,2
"250","arkansas oral-roberts 2021",2,4,1.75,1,3.5,8,NA,0.833816509107574,5.13202634415392,-5.36461405882409,-0.608678165113065,3.09817579097705,0.209448944362481,0.0093299734841878,2
"251","baylor arkansas 2021",9,8,1.875,1,16.875,72,NA,1.7650102009951,2.16364300294611,-4.91958030042704,-0.132053671809819,0.274622263298419,0.0980159133052834,0.292843423661297,-1
"252","illinois loyola-il 2021",-13,2,1.5,0,-19.5,-26,NA,-1.30491972345891,2.07148964197023,-5.433494351621,0.00472479802554115,-2.18012944570612,0.0950749909364818,-0.0252150981055856,0
"253","oklahoma-state oregon-state 2021",-10,2,1.5,0,-15,-20,NA,0.217168952626482,1.88671495886772,-4.88937297660197,-1.9709994099078,1.21211427971035,-0.0421416073000945,-0.0340752602176979,0
"254","west-virginia syracuse 2021",-3,2,1.5,0,-4.5,-6,NA,-0.0342689536565874,0.452820100310143,-4.97480147936611,-0.477728134379,-3.85323231388992,0.0921374513936313,-0.159489734741382,2
"255","houston rutgers 2021",3,2,1.5,1,4.5,6,NA,4.20704699739276,2.19104918674805,-4.75807834903658,0.16552965697153,0.855512863810738,0.243511528521315,0.339214267487318,1
"256","loyola-il oregon-state 2021",-7,4,1.75,0,-12.25,-28,NA,3.49683905264111,2.89320307188898,-4.84717755985861,-0.605812869376059,0.340767989821309,-0.0830692148081072,0.237806141925384,-1
"257","houston syracuse 2021",16,4,1.75,1,28,64,NA,3.31929709687811,2.27260791274545,-4.95302506532505,-0.115986999649984,0.387462639305038,0.213394273903289,0.0991747022284443,3
"258","houston oregon-state 2021",6,8,1.875,1,11.25,48,NA,4.0047690758619,4.41635861797754,-4.89658569605275,0.331755943297186,4.15705402614711,0.143222262145215,0.341289521646797,0
"259","baylor houston 2021",19,16,1.9375,1,36.8125,304,NA,-0.562926375485215,0.501201809425065,-4.93193370866819,-0.599060239437424,-1.44906902726903,-0.0308356285449845,0.107280224428885,-1
"260","gonzaga ucla 2021",3,16,1.9375,1,5.8125,48,NA,3.7616486269854,3.54787759892813,-4.87893136481388,-0.515894282220609,2.5267830152697,-0.0619759209025196,0.535173323797367,-2
"261","gonzaga baylor 2021",-16,32,1.96875,0,-31.5,-512,NA,1.10620681426584,1.49644314492224,-5.33315402324003,0.546049754527674,-2.03537112130702,-0.18918721745673,0.202556300278725,-1
"262","duke north-dakota-state 2019",23,1,1,1,23,23,NA,3.02838078482875,10.6085157326731,-5.31163022527284,-0.565722133320862,6.57070906892506,0.236108870096099,0.382882368642844,-2
"263","virginia-commonwealth central-florida 2019",15,1,1,1,15,15,NA,0.44625419493391,0.122788594229886,-5.04301721087086,-1.02065496726194,1.75988805351385,0.0538512866252349,-0.0963087952343427,1
"264","mississippi-state liberty 2019",-4,1,1,0,-4,-4,NA,-1.31165027925386,4.1698980580622,-5.46602839163388,-0.700559961248039,3.87165988412817,0.243978705884934,0.0708486291418808,-2
"265","virginia-tech saint-louis 2019",14,1,1,1,14,14,NA,2.1367838341181,5.09489407520697,-4.37417264109405,0.141363298632525,-1.69771745284466,-0.10754252555646,0.338869909543863,0
"266","maryland belmont 2019",2,1,1,1,2,2,NA,-1.43736812045111,2.73893164667007,-5.56583099883699,-1.30649410571552,0.0762987304868901,0.135864136455111,-0.347172079035132,0
"267","louisiana-state yale 2019",5,1,1,1,5,5,NA,-0.215572479856357,3.28936591635564,-5.4629515476915,0.0890567697135793,2.71185697208912,0.248984263867711,-0.018548559733507,1
"268","louisville minnesota 2019",-10,1,1,0,-10,-10,NA,0.986084656695481,1.78812854929616,-4.75053792126757,-0.55144999565803,-1.42689574517812,-0.0247210205503035,-0.00478603446906227,1
"269","michigan-state bradley 2019",11,1,1,1,11,11,NA,2.79367502351899,9.49745550526169,-4.83821485838474,0.291496108797457,1.74145196805789,0.147831937789956,0.510274258825703,-2
"270","gonzaga fairleigh-dickinson 2019",38,1,1,1,38,38,NA,3.89308168215399,10.8401451543653,-5.22717879517603,1.54801270727198,1.11753360295209,0.0355892726867471,0.517859590328295,1
"271","syracuse baylor 2019",-9,1,1,0,-9,-9,NA,0.155855276966015,1.23638089312068,-4.74204810076843,0.78752769659012,4.37068223018581,-0.154062323606562,0.04397782405636,0
"272","marquette murray-state 2019",-19,1,1,0,-19,-19,NA,-1.40998413495869,2.317964102769,-5.37368960699732,-0.831005072623458,-2.40975849865786,-0.059019013750731,-0.304956201834803,0
"273","florida-state vermont 2019",7,1,1,1,7,7,NA,-1.07898447592575,4.23964134302481,-5.1558934739059,-0.805633808775734,1.08297098714111,0.0557942686445267,-0.166576420123375,1
"274","buffalo arizona-state 2019",17,1,1,1,17,17,NA,1.91508335180607,1.59541525262082,-4.90403105781618,0.890663576284679,0.991044947516714,0.0202669924439076,0.26795575166628,1
"275","texas-tech northern-kentucky 2019",15,1,1,1,15,15,NA,1.04704548602542,5.979428957264,-5.21608098117206,-0.200780848288799,2.1597992294138,-0.0191271432188954,-0.0410167314590783,0
"276","nevada florida 2019",-9,1,1,0,-9,-9,NA,1.69206495205495,-0.126917222451779,-4.83971817970627,1.00110342605787,-1.39016575587389,-0.0763612165170996,0.232478754045736,0
"277","michigan montana 2019",19,1,1,1,19,19,NA,1.3155517351771,7.95184564415712,-5.36184680993414,1.84448933109738,1.14610000114801,0.00507321722924563,0.0968848270346719,0
"278","north-carolina iona 2019",15,1,1,1,15,15,NA,2.16668627073224,9.58761097297441,-5.18967546145748,0.229306726066114,0.0994568081892027,0.139761488208791,0.164807985523304,0
"279","utah-state washington 2019",-17,1,1,0,-17,-17,NA,1.73277972296867,0.847769141041605,-4.9762001326456,1.26469708050215,-4.31355532781069,0.0574116348550598,0.232789753788211,0
"280","auburn new-mexico-state 2019",1,1,1,1,1,1,NA,-0.613042705260129,3.02438567170163,-5.07686151882359,0.169183897308427,6.29027715355805,-0.130141596183597,0.0746233077557189,-3
"281","kansas northeastern 2019",34,1,1,1,34,34,NA,-0.407878443602663,4.09707922289376,-5.53805459817345,-0.672379326213493,2.39110772357724,0.155141177131399,-0.209394133092962,-1
"282","iowa-state ohio-state 2019",-3,1,1,0,-3,-3,NA,1.47679842896739,1.54620703012246,-4.87418727681672,1.15481484907973,2.85549250419766,0.010345554284886,0.447274456651913,-1
"283","houston georgia-state 2019",29,1,1,1,29,29,NA,2.20417110665054,5.16724761285743,-5.18951691440603,0.0446587439975206,-0.986994781527184,0.232173404244259,0.0699485313009593,2
"284","wofford seton-hall 2019",16,1,1,1,16,16,NA,3.48949367572578,1.13542355734855,-4.79543428752611,0.673998203030918,-0.926891263430292,0.10841916232291,0.481155998379357,0
"285","kentucky abilene-christian 2019",35,1,1,1,35,35,NA,0.37772002461042,8.20299585963244,-5.07324698325078,-0.113882163004861,1.20829918083196,0.242075089770855,0.22104236079638,1
"286","virginia gardner-webb 2019",15,1,1,1,15,15,NA,2.7646861966069,11.1376554315255,-5.34242770648915,1.26662464714079,1.7775089949773,0.168080929642185,0.250099059656182,0
"287","mississippi oklahoma 2019",-23,1,1,0,-23,-23,NA,0.704717339398875,-0.20658024370214,-4.73449678925564,-0.327331240672204,1.99831626355494,0.0516187431776813,0.205457993150515,-1
"288","wisconsin oregon 2019",-18,1,1,0,-18,-18,NA,0.356163105425796,2.47061087839455,-4.90959125162722,1.60454644331214,-3.3348040459857,-0.0984795573032701,0.0225134041621114,-1
"289","kansas-state california-irvine 2019",-6,1,1,0,-6,-6,NA,-1.09577479989084,2.84946965841709,-5.00455398662223,-0.157485889742995,0.547807329770343,-0.186944395656304,-0.339390068514069,-2
"290","villanova saint-marys-ca 2019",4,1,1,1,4,4,NA,-0.170046774782148,0.721382974200441,-5.16434584444255,0.0883459912972011,0.163329032848711,0.00258670902213192,-0.0353010848961873,-1
"291","purdue old-dominion 2019",13,1,1,1,13,13,NA,0.656611431670481,5.68898837736787,-4.4973283665739,0.854491533690111,0.0814141775172779,0.0529681842499004,0.30172388374181,1
"292","cincinnati iowa 2019",-7,1,1,0,-7,-7,NA,1.21782372285452,0.200869309825144,-5.15923976426799,1.22818903064869,2.31931109632967,0.105700171362261,0.00925691997354186,0
"293","tennessee colgate 2019",7,1,1,1,7,7,NA,1.51417467367713,7.23663805832143,-5.26769009511442,1.39984127030634,1.76407637578752,0.0280005171537056,0.217123595525583,0
"294","duke central-florida 2019",1,2,1.5,1,1.5,2,NA,1.44609590152711,4.96816013244265,-5.01563968718379,-0.0621325556491454,3.20753276270998,0.114749801198066,0.36494330600253,-1
"295","michigan-state minnesota 2019",20,2,1.5,1,30,40,NA,2.89647475892863,4.95147574540722,-4.71125832745932,-0.72057325375682,2.41361049819704,0.131753629499177,0.394342776499274,-1
"296","louisiana-state maryland 2019",2,2,1.5,1,3,4,NA,0.301348602035901,-0.048608578786979,-5.06184203576667,0.545897446835188,3.15763082841329,0.115237006528925,0.200960286024488,0
"297","virginia-tech liberty 2019",9,2,1.5,1,13.5,18,NA,-0.154165901973576,5.17049021634965,-5.44654650525184,-0.247851158081297,0.540898887093341,0.0842698129085489,0.0293869974839826,-1
"298","duke virginia-tech 2019",2,4,1.75,1,3.5,8,NA,0.316877276560446,2.12770437808354,-5.40460382210696,0.12602494294943,3.78542977127073,0.0843432121990045,0.166667926604497,0
"299","michigan-state louisiana-state 2019",17,4,1.75,1,29.75,68,NA,1.4459415560249,3.52868138526337,-5.04907111076699,-0.249862228805688,-1.75085840730298,-0.0633920725656834,0.0701283502502743,-1
"300","duke michigan-state 2019",-1,8,1.875,0,-1.875,-8,NA,-0.107055065330254,-0.165475647074638,-5.40986387104414,0.269460613277069,2.58080012594128,-0.0427166438666745,0.0512162016926606,1
"301","gonzaga baylor 2019",12,2,1.5,1,18,24,NA,4.43788132807426,5.59252873906302,-4.6432861838588,2.04175121508545,2.15997430990857,-0.120844512056414,0.750314758109971,-1
"302","michigan florida 2019",15,2,1.5,1,22.5,30,NA,1.69482860148099,2.81502750940678,-4.86756825207287,1.58551623079199,-1.01922225054627,-0.166408831783138,0.192522631210483,-1
"303","texas-tech buffalo 2019",20,2,1.5,1,30,40,NA,0.521295970240729,2.87081856444832,-5.09136952378163,-0.907371442904134,2.59451341794631,-0.0490394852553839,-0.0541293398099423,-1
"304","florida-state murray-state 2019",28,2,1.5,1,42,56,NA,-1.83139131402184,3.04631195230231,-5.40240481806108,-0.534291714414581,0.0605601178845561,0.0244605801699743,-0.36284831277319,2
"305","gonzaga florida-state 2019",14,4,1.75,1,24.5,56,NA,3.65487204104791,3.29963175449444,-4.88796463838992,1.68325868687051,0.894025309242284,-0.0380999513291931,0.690309144388942,-3
"306","michigan texas-tech 2019",-19,4,1.75,0,-33.25,-76,NA,-0.349131418293148,0.628517279219729,-5.28878049558437,1.9212888368772,-2.51055184380646,-0.132811943980164,0.0340924192622172,-1
"307","gonzaga texas-tech 2019",-6,8,1.875,0,-11.25,-48,NA,1.67298093478547,1.36158842380112,-5.21183092669907,1.28610859195708,-0.748920563054735,0.0320164830854162,0.488533772011844,0
"308","virginia oklahoma 2019",12,2,1.5,1,18,24,NA,3.75278847275193,5.32719475427802,-4.71737654148448,1.39243440839285,2.35605067916213,0.0965115417030854,0.525723460138642,-1
"309","tennessee iowa 2019",6,2,1.5,1,9,12,NA,1.90392565703295,2.83457271189549,-5.09591031535869,0.553895071464969,2.42356377020418,0.0198253834889588,0.253080922326562,-1
"310","purdue villanova 2019",26,2,1.5,1,39,52,NA,0.0726312688472834,1.67966147042251,-5.23702572278911,-0.0279219648327391,2.50470333470711,0.0866907543977917,0.0405569078255226,3
"311","virginia oregon 2019",4,4,1.75,1,7,16,NA,2.80342743300549,5.85112514256474,-4.85834248148611,1.5722244967475,-1.84518155190712,0.0183478433502751,0.405846941379578,-1
"312","tennessee purdue 2019",-5,4,1.75,0,-8.75,-20,NA,0.789700877652753,0.245465682231878,-5.04927792288557,-0.0960438792021536,0.221172423162646,-0.0944747121498622,0.131862491280983,-2
"313","virginia purdue 2019",5,8,1.875,1,9.375,40,NA,2.20232207118932,2.69796029554366,-5.05405897671569,0.625090378143409,-0.490712866596366,-0.115906340934968,0.173635461027739,-2
"314","north-carolina washington 2019",22,2,1.5,1,33,44,NA,1.35864760743493,4.10269830359316,-5.00172229815492,1.30812725219574,-5.59105934593794,0.0802872559341281,0.192047867849621,0
"315","kentucky wofford 2019",6,2,1.5,1,9,12,NA,-1.17082500761921,2.80898858602844,-5.49081979870303,-0.895483692834401,1.7759532793108,0.0577059372120129,-0.14931544778077,-2
"316","houston ohio-state 2019",15,2,1.5,1,22.5,30,NA,2.58349333884016,1.28496342552688,-4.90433902623483,0.934784527065845,3.32715354927372,0.15940912717988,0.309801442821495,2
"317","kansas auburn 2019",-14,2,1.5,0,-21,-28,NA,-1.60447247682677,-0.99372860813455,-5.18663834673698,-0.696568330735237,-4.24108739837398,-0.0494666128137419,-0.332856503216179,-1
"318","north-carolina auburn 2019",-17,4,1.75,0,-29.75,-68,NA,0.128138113644344,1.38971401232533,-5.16557759367345,0.00505012388739612,-5.5772266934943,-0.0157238357276549,-0.0735565808885863,-2
"319","kentucky houston 2019",4,4,1.75,1,7,16,NA,-0.442820111383545,1.40214503543569,-4.97426018885482,-0.671160825773717,-0.0969597236876467,0.0525452271863053,0.0926703267709478,-2
"320","kentucky auburn 2019",-6,8,1.875,0,-11.25,-48,NA,0.321010558984132,1.02067627238706,-5.15370350107642,-0.414927425815569,-3.25477774224496,0.0844462788681617,0.000700794789295145,-2
"321","virginia auburn 2019",1,16,1.9375,1,1.9375,16,NA,1.84706605678683,3.34082722484022,-5.14047190210435,1.19619588066533,-3.90245098039216,-0.0752713092905508,0.11649575150878,-2
"322","michigan-state texas-tech 2019",-10,16,1.9375,0,-19.375,-160,NA,-0.0824138800214875,1.5072724375486,-5.24699768406087,-0.116269649492612,-1.72841619408341,0.134488588133392,0.182230271083568,-1
"323","virginia texas-tech 2019",8,32,1.96875,1,15.75,256,NA,0.888099494289822,2.16085944648458,-5.25508991556247,1.5769158889268,-1.96083246430549,0.0196767126051405,0.228254480972903,0
"324","michigan loyola-il 2018",12,16,1.9375,1,23.25,192,8,0.201396922997034,2.97115643571675,-5.52192135007679,2.60078853962895,0.203343564792718,0.106748116577588,0.0969936302508362,0
"325","villanova kansas 2018",16,16,1.9375,1,31,256,0,1.41209911672634,1.28791456078109,-5.36194760175608,1.04997561830305,-0.423301894890935,-0.00482133084075151,0.201313579750983,1
"326","villanova michigan 2018",17,32,1.96875,1,33.46875,544,2,1.03324936084709,2.02199672862267,-5.09504082457547,-0.328054395075651,0.770793719164168,0.0358441466767856,0.292694783944413,-1
"327","gonzaga south-carolina 2017",4,16,1.9375,1,7.75,64,6,2.54105073056161,2.28096475519462,-4.65782262210236,0.342128910092661,-0.934829012917302,-0.0902707285070664,0.379223147686843,-1
"328","north-carolina oregon 2017",1,16,1.9375,1,1.9375,16,2,-0.30426569814791,1.16504961416734,-5.30022701990608,0.386465397919399,-2.89448529536873,0.163684570606538,-0.0901647314490042,3
"329","gonzaga north-carolina 2017",6,32,1.96875,1,11.8125,192,0,1.82406325375612,0.441919235774083,-4.90876346512437,-0.319872555071192,0.401990070736687,-0.227357418819803,0.115718332788807,-3
"330","villanova radford 2018",26,1,1,1,26,26,15,2.8474635384324,9.51343145414581,-4.7127616670673,1.6066767951547,0.416033793165996,-0.0955270902730692,0.575104979490481,-2
"331","virginia-tech alabama 2018",-3,1,1,0,-3,-3,1,1.0613074919344,0.681070258956369,-4.92619686825894,1.04797418248767,-4.10116420627081,-0.120890464133787,0.195437460587144,-2
"332","west-virginia murray-state 2018",17,1,1,1,17,17,7,-0.869457589402793,3.52816647022034,-5.40284015961803,1.11264348384277,3.74157779166529,0.0288898002146389,-0.0834543223815029,2
"333","wichita-state marshall 2018",-6,1,1,0,-6,-6,9,1.20022476289584,4.26394678092988,-5.35502905575804,0.741092719788048,-2.50220074628978,0.219809313096506,0.150477538032029,2
"334","florida st-bonaventure 2018",15,1,1,1,15,15,5,-0.00220129878416753,2.94623928591491,-5.06669432747712,0.97786135342743,0.666850842089429,-0.0264944628869387,0.0652996832892999,0
"335","texas-tech stephen-f-austin 2018",10,1,1,1,10,10,11,-0.240021126463544,5.7577161832993,-5.22630161404971,1.38130395023433,-0.444066712544741,-0.00558187976658822,0.015343580324631,1
"336","arkansas butler 2018",-17,1,1,0,-17,-17,3,-0.14659964464987,-0.558446391902281,-5.22616281328173,0.5835949925752,1.62110019919356,0.0574051802202785,0.0634772560003491,1
"337","purdue cal-state-fullerton 2018",6,1,1,1,6,6,13,2.2276239448646,8.28629388799216,-5.18847641138102,2.16238870885331,0.713199330875932,-0.0113298460468039,0.289818832863501,0
"338","villanova alabama 2018",23,2,1.5,1,34.5,46,8,3.07112537538502,4.37234803525846,-4.90259537249948,2.65595508695976,-1.7046130094619,-0.0491180512354553,0.563641978607028,-2
"339","west-virginia marshall 2018",23,2,1.5,1,34.5,46,8,1.03463637419084,4.96095449196918,-5.40036760896432,1.26544167037389,2.28510020165303,0.235001262838903,0.0781139576540955,2
"340","texas-tech florida 2018",3,2,1.5,1,4.5,6,3,1.13380118030965,1.37244155072202,-4.87384690329755,-1.42518132149563,0.843690120617484,0.109795540939941,0.0296100395928612,1
"341","purdue butler 2018",3,2,1.5,1,4.5,6,8,1.69157518242482,2.7179964163527,-5.19366899595613,-0.0274937584228745,0.506577214586311,-0.0159723622650517,0.113438442789457,0
"342","villanova west-virginia 2018",12,4,1.75,1,21,48,4,1.40383915825923,2.35872526896929,-4.81112877394092,0.410925793633552,-3.37855480114415,-0.12149200356321,0.317854195702613,-2
"343","purdue texas-tech 2018",13,4,1.75,1,22.75,52,1,0.550595432394044,1.64166949287783,-5.07222802193796,0.468476200562224,-1.81711481266291,-0.177459071937369,0.0943622918822054,-2
"344","villanova texas-tech 2018",12,8,1.875,1,22.5,96,2,1.16197321354465,1.95484899986975,-5.04882940081264,1.3432396826443,-1.64082008670486,-0.101812065085191,0.365520300992834,-2
"345","missouri florida-state 2018",-13,1,1,0,-13,-13,1,-0.519607452425453,-0.33303450779855,-5.12238930575062,-1.55234838686722,-1.34733570173494,-0.0777095459506494,-0.229784860853907,-3
"346","ohio-state south-dakota-state 2018",8,1,1,1,8,8,7,-0.0617474371881652,4.18270911466343,-5.37860469155719,-1.43766549277092,3.44415397082245,0.0892907145100515,-0.0280516242283085,0
"347","gonzaga north-carolina-greensboro 2018",4,1,1,1,4,4,9,1.4114869480931,4.8385391826994,-4.90943421255764,1.59241505777083,-2.8418599734704,-0.0344536394083302,0.396697832964206,-1
"348","houston san-diego-state 2018",2,1,1,1,2,2,5,0.910075471052409,1.63722247953637,-5.03987669455585,-0.455408156607319,0.248810365161559,0.0243833906640167,0.101473006789779,-2
"349","michigan montana 2018",14,1,1,1,14,14,11,0.617563936192235,4.49932607332705,-5.01331854529414,1.59634185719983,-1.22279970549632,-0.129982069192114,0.108946004307955,1
"350","texas-am providence 2018",4,1,1,1,4,4,3,1.13234880098408,2.03232268582471,-4.82194279058261,0.0445397279243416,1.22759447376511,0.191919830403209,0.19084518790268,-2
"351","north-carolina lipscomb 2018",18,1,1,1,18,18,13,1.06952092247743,8.14891066270653,-5.09558887423563,1.98226951377094,0.872964678756569,0.1685950244892,0.345656744966953,-1
"352","xavier florida-state 2018",-5,2,1.5,0,-7.5,-10,8,0.527580929360058,1.63175267677277,-5.09370845167225,-0.0314874847826063,-2.71139777787965,-0.0946190888247588,0.0757950459155456,-1
"353","gonzaga ohio-state 2018",6,2,1.5,1,9,12,1,1.5963132920597,0.265819513888441,-5.17542302417818,0.730373691223388,-0.703370321659074,0.0519231776441238,0.239858894425693,-1
"354","michigan houston 2018",1,2,1.5,1,1.5,2,3,-0.289557094705737,0.974353205781106,-5.14132220234067,1.85616833427965,-0.227431780435763,-0.140908000692246,0.0221266661337026,1
"355","north-carolina texas-am 2018",21,2,1.5,1,31.5,42,5,0.816742599518172,1.82646846406146,-4.94148010578594,0.998069062590661,-1.86444498889695,0.00402850095618232,0.165962571755387,1
"356","gonzaga florida-state 2018",-15,4,1.75,0,-26.25,-60,5,2.19057688968989,1.76620339689527,-5.08849394214465,0.570320188154327,-1.51753785060513,-0.0466484490690744,0.248116597271373,-2
"357","michigan texas-am 2018",27,4,1.75,1,47.25,108,4,1.38038658269403,1.04805928063876,-4.9297618453022,1.85993176088409,-1.83842610094911,-0.217138512375147,0.118892171825507,1
"358","michigan florida-state 2018",4,8,1.875,1,7.5,32,6,1.09506492505645,1.85724804248609,-5.12353617275367,1.76384853403651,-1.69411130846998,-0.173141474577051,0.0462046949983744,-1
"359","kansas pennsylvania 2018",16,1,1,1,16,16,15,0.598746078310181,6.46260494494101,-5.0072803139806,0.441124691541168,2.45232803541474,0.115847747860663,0.320958942635063,0
"360","seton-hall north-carolina-state 2018",11,1,1,1,11,11,1,0.203496209314493,1.25679012073145,-5.09827352837534,0.229410281363471,-0.879801906378772,0.0823377305304658,0.0379852079946385,-1
"361","clemson new-mexico-state 2018",11,1,1,1,11,11,7,-1.29661338437861,2.15029828462967,-4.85223626399786,-0.277734719791118,2.30368582074596,-0.205147169281345,-0.0548068740544679,-2
"362","texas-christian syracuse 2018",-5,1,1,0,-5,-5,5,0.514453412887835,1.8560395653918,-4.67173154502998,0.131509870625961,-3.81742093631844,0.0124941674789872,0.264695614314439,1
"363","michigan-state bucknell 2018",4,1,1,1,4,4,11,1.92268418034438,6.63589687717919,-5.21235097887152,-1.07785066401081,2.0829266855073,0.192472891035424,0.321312458017358,1
"364","rhode-island oklahoma 2018",5,1,1,1,5,5,3,1.0187779703086,-0.518495619987905,-5.24276878997039,1.12783988461541,0.301495099625624,0.0559352670427979,0.00580547711531096,-1
"365","duke iona 2018",22,1,1,1,22,22,13,2.58667064191699,8.08184693440442,-5.13696680415789,-0.484668613180038,2.89242181928772,0.340717878538439,0.438904326576738,0
"366","kansas seton-hall 2018",4,2,1.5,1,6,8,8,0.832158322388519,1.93687747759067,-5.00713492247194,0.139905753339515,1.13573619802464,-0.129972424668554,0.144228020061772,-1
"367","auburn clemson 2018",31,2,1.5,1,46.5,62,1,0.501130640239586,-0.51560677369363,-5.10402731970452,0.760779128682723,-0.929040266464693,0.10261471762891,0.134305868080874,1
"368","michigan-state syracuse 2018",-2,2,1.5,0,-3,-4,8,2.79853277468934,4.33180526718837,-4.64654572578965,-0.477953786046477,-2.16683599004166,0.0444160620985067,0.428266669740131,3
"369","duke rhode-island 2018",25,2,1.5,1,37.5,50,5,1.71539284343283,4.61326602875988,-4.88354900793479,-0.896491684775924,1.54755483152069,0.202152284103788,0.417928193452503,-1
"370","kansas clemson 2018",4,4,1.75,1,7,16,4,0.802881149518166,1.87059261391823,-5.07109644446226,0.831092761558686,-0.5852151965471,0.0397701247578818,0.290260125397078,0
"371","duke syracuse 2018",4,4,1.75,1,7,16,9,2.60866167319449,4.85380519657898,-4.67391893046786,0.555188830743821,-1.79501614810401,0.133926639247153,0.560665519829218,1
"372","kansas duke 2018",4,8,1.875,1,7.5,32,1,-1.1814612926287,-1.21125910186175,-5.31877103709676,0.238000828994214,-1.21638288018553,-0.248847544532433,-0.207555275990809,-1
"373","virginia maryland-baltimore-county 2018",-20,1,1,0,-20,-20,15,2.15443676385415,9.50978186704031,-5.02299076826788,1.33137087565461,1.90991176675719,-0.00361412031776798,0.158930598046554,-2
"374","creighton kansas-state 2018",-10,1,1,0,-10,-10,1,0.324508514325524,0.24215231871639,-5.20065953327314,0.376948192510246,-4.18246757991208,-0.126878234387519,-0.0393149979703306,-1
"375","kentucky davidson 2018",5,1,1,1,5,5,7,-1.05165858401125,1.23016522401192,-5.58861880581965,-1.211771884267,3.24424624988227,0.176877113111081,-0.209872870533147,1
"376","arizona buffalo 2018",-21,1,1,0,-21,-21,9,0.340722797542838,3.15236774064618,-5.15284358393612,-0.417017789142203,0.077268980044618,0.082845053117097,0.0931186804918262,1
"377","miami-fl loyola-il 2018",2,1,1,1,2,2,5,-1.14576700150967,0.645941392959187,-5.53159210526316,1.29656328406901,0.959758815670092,0.162068296623917,-0.0674351634314092,-1
"378","tennessee wright-state 2018",26,1,1,1,26,26,11,0.584301797868573,6.25362764640262,-4.8102238908081,0.513475341806582,3.0264109602547,0.10864668589457,0.220857788427387,1
"379","nevada texas 2018",4,1,1,1,4,4,3,1.59669166371235,0.108828294782993,-4.65880920155844,1.02272937639641,-1.20872492499153,-0.050230430354229,0.309580198202249,-1
"380","cincinnati georgia-state 2018",15,1,1,1,15,15,13,2.12565859520787,5.73686166110884,-5.1390476629743,0.107483962246428,0.347445996418463,0.217172381919974,0.13084429220294,2
"381","kansas-state maryland-baltimore-county 2018",7,2,1.5,1,10.5,14,7,0.166353968898651,5.92059625873264,-4.99992107105315,-0.0842615174006545,1.35032721342837,0.00996120845215973,0.14266013095963,-1
"382","kentucky buffalo 2018",20,2,1.5,1,30,40,8,-0.497644443966302,3.25552473430957,-5.19846319951338,-0.479835055730136,0.952946587905386,0.0387808097773848,-0.100663784568134,-1
"383","tennessee loyola-il 2018",-1,2,1.5,0,-1.5,-2,8,-0.582656066392653,2.81159980481648,-5.54010265513285,0.9280583397705,2.06355602653715,0.253926212985614,-0.0417774257386352,0
"384","cincinnati nevada 2018",2,2,1.5,1,3,4,5,1.64796905044439,2.11130362434134,-5.23261458536278,-0.499737910368046,3.0450474745044,0.126105204110232,-0.0495324490377286,4
"385","kentucky kansas-state 2018",-3,4,1.75,0,-5.25,-12,4,0.0316578548610167,0.787174889892679,-5.23501985458613,-0.339414876620945,-0.603163774382624,0.137109936420662,-0.0748486730241861,0
"386","nevada loyola-il 2018",1,4,1.75,1,1.75,4,4,-0.0845959087474899,1.44948506764468,-5.5157141338842,1.98484341952573,0.912194973685517,0.177570276265089,0.18786238352308,-3
"387","kansas-state loyola-il 2018",16,8,1.875,1,30,128,2,-1.15886091532431,1.26499043184973,-5.51468858471683,0.90478825741165,1.86545364461507,0.0887958320982616,0.0207845325863556,-1
"388","wisconsin virginia-tech 2017",10,1,1,1,10,10,1,1.55518957000621,3.02890492670845,-5.49289696327984,0.906421943892203,4.24284031444349,0.183869444405832,0.136232227003595,0
"389","florida east-tennessee-state 2017",15,1,1,1,15,15,9,0.290784213972182,4.80597343757099,-5.33580669055146,1.32592168266014,-1.26246743108681,0.0136890743166364,-0.0168840005803954,0
"390","baylor new-mexico-state 2017",18,1,1,1,18,18,11,-0.412400618125504,4.99930040212459,-5.16019065646801,-0.0433435775298854,1.85442587630329,0.0791135669635678,0.00106744636494902,0
"391","south-carolina marquette 2017",20,1,1,1,20,20,3,0.458917249788066,1.10611537186604,-5.60401872971636,-0.267987832776669,1.24600510539503,0.131676987211395,-0.257332710396544,0
"392","duke troy 2017",22,1,1,1,22,22,13,1.49051772443725,7.56143222437921,-5.08337107008282,1.39157181832019,0.21058325593261,0.0254126070542789,0.266231860428424,-2
"393","villanova wisconsin 2017",-3,2,1.5,0,-4.5,-6,7,1.17626629147692,1.32665484007406,-4.91478247713272,-0.243719444979416,-0.00910363704674388,-0.0385613604611732,0.189619052284966,-1
"394","florida virginia 2017",26,2,1.5,1,39,52,1,-0.0729345119940108,-0.207696666933941,-4.98503968525744,-0.662564612792081,0.128476736157616,0.0938987911218623,0.0515616754025821,-1
"395","duke south-carolina 2017",-7,2,1.5,0,-10.5,-14,5,0.741398439025337,1.12065046515131,-4.672540783571,0.949970468927623,-1.90182484755745,-0.0529151899055284,0.364321772869229,-2
"396","florida wisconsin 2017",1,4,1.75,1,1.75,4,4,-0.0980801666349533,0.00589373261679071,-4.98038114552844,-0.360581893087784,0.717051528761596,-0.0214795684287206,-0.0780989018887023,1
"397","baylor south-carolina 2017",-20,4,1.75,0,-35,-80,4,0.197248489760144,0.543875898902154,-4.70056374255666,-0.7878715226928,-1.02512575354091,0.127168550328734,0.149437665131332,0
"398","florida south-carolina 2017",-7,8,1.875,0,-13.125,-56,3,0.478936840890776,1.01422207672987,-4.70821031315761,0.203159361575967,0.110033576826801,-0.0237491426743229,0.158094568170441,0
"399","gonzaga south-dakota-state 2017",20,1,1,1,20,20,15,4.58853805062393,9.45358929325523,-5.27235383936685,0.866811288930196,2.67776092476352,0.0379897970979321,0.386200186837982,-2
"400","northwestern vanderbilt 2017",2,1,1,1,2,2,1,0.609905539949462,0.207137805582356,-5.14306373675045,1.2989835163187,2.40066179770896,0.096822316232925,0.115809256793441,0
"401","notre-dame princeton 2017",2,1,1,1,2,2,7,-0.740975007759203,2.69072368379285,-5.07614641884532,0.237509557449556,-0.116979947065557,0.0328408908621505,0.0941604639412386,2
"402","west-virginia bucknell 2017",6,1,1,1,6,6,9,1.42155245939501,6.08639230203414,-5.26798999700338,1.47660842160569,3.78574881463083,0.190664661041834,0.213197518427979,-1
"403","maryland xavier 2017",-11,1,1,0,-11,-11,5,0.276154838972332,-0.901845631139562,-5.00902552019414,-0.16235522201732,0.880085595736864,-0.0413816153759055,-0.0882193658282665,0
"404","florida-state florida-gulf-coast 2017",6,1,1,1,6,6,11,-0.21709719665665,5.1880171018226,-5.29529742663473,0.538778390344585,2.53224355992228,0.0195099193314685,0.00506102953785046,2
"405","arizona north-dakota 2017",18,1,1,1,18,18,13,1.19487223926724,6.82809585664775,-5.19996575714953,0.618290199135834,-1.23280991456102,0.0475995630032838,0.155355256588102,1
"406","gonzaga northwestern 2017",6,2,1.5,1,9,12,7,3.09429566146282,3.6888238863793,-4.82616855662947,-0.446237445594168,0.110743981839994,-0.0255281947635735,0.341276635164361,-1
"407","west-virginia notre-dame 2017",12,2,1.5,1,18,24,1,1.38980490838698,1.8604771216904,-5.20655634453782,-0.80187569305266,3.82937611390248,0.239299695438715,0.00471626264411498,1
"408","florida-state xavier 2017",-25,2,1.5,0,-37.5,-50,8,1.02936999605348,0.82681004802949,-5.00171783241507,0.674299377249591,3.37250531157065,0.0617123628921381,0.152455032218563,2
"409","arizona saint-marys-ca 2017",9,2,1.5,1,13.5,18,5,-0.956977647852307,-0.157184899632089,-5.42990300557373,0.580463222351197,0.770776569132252,-0.0620058782665073,-0.0544504091474295,1
"410","gonzaga west-virginia 2017",3,4,1.75,1,5.25,12,3,1.29248689097492,0.759621852124345,-4.86487243687652,-0.239471371351276,-3.65906200610116,-0.181148494719192,0.113710680156937,-2
"411","arizona xavier 2017",-2,4,1.75,0,-3.5,-8,9,1.81043090263744,1.12995815890232,-4.98447947936749,0.732607304442643,0.0432364763224768,-0.0428449342844099,0.184324492970665,0
"412","gonzaga xavier 2017",24,8,1.875,1,45,192,10,3.5715256170951,3.32695943149353,-4.9632117431384,0.704612681951151,1.79337816247474,-0.0671188397957962,0.302762215572146,-1
"413","miami-fl michigan-state 2017",-20,1,1,0,-20,-20,1,0.408251513295353,0.252836661381849,-5.0791406532304,0.697937934319825,2.00908520012619,0.060460361295,0.0809850718285134,-2
"414","iowa-state nevada 2017",11,1,1,1,11,11,7,-0.0247141439414618,2.88345872316718,-5.03727480421877,0.770490355102532,0.621333080366544,-0.0870995798645885,0.0291720675498759,2
"415","purdue vermont 2017",10,1,1,1,10,10,9,-0.212047363003173,4.28804537075289,-5.22988597075264,-0.466407247535521,-2.93740152228858,-0.00836483192813615,-0.0887895293789818,-2
"416","creighton rhode-island 2017",-12,1,1,0,-12,-12,5,-0.285139529279588,1.08244385391404,-4.81024471655757,-1.42921040543938,-4.04453817065433,-0.253090240886693,-0.00370990357652197,-1
"417","oregon iona 2017",16,1,1,1,16,16,11,2.15821940155859,6.43088349766357,-5.1387783415277,-0.159218666363946,4.13645030119551,0.101464817174639,0.246438955723638,-1
"418","michigan oklahoma-state 2017",1,1,1,1,1,1,3,0.61990510294929,0.643585779546306,-5.22176201337175,1.21592732095323,-0.797211755380768,-0.240778307440356,0.0228441307946824,-1
"419","louisville jacksonville-state 2017",15,1,1,1,15,15,13,2.07108967248903,8.46851918226721,-5.15534775814467,2.07274935395424,3.65713751903868,0.117484311441206,0.277462494221042,1
"420","kansas michigan-state 2017",20,2,1.5,1,30,40,8,1.77484633936773,3.38342555665309,-5.03826540953786,1.53180076484748,1.32684391785449,0.10996561724703,0.347692543936228,-3
"421","purdue iowa-state 2017",4,2,1.5,1,6,8,1,0.599987657413047,0.320273801141369,-5.16711031984008,-1.75991355398711,-3.22475653389545,0.0848983438936542,-0.086325551026,-1
"422","oregon rhode-island 2017",3,2,1.5,1,4.5,6,8,1.04402636573074,2.52812047913983,-4.82229436701433,-0.531732089636155,0.610949463246225,-0.00914299127465865,0.216600915723448,-2
"423","louisville michigan 2017",-4,2,1.5,0,-6,-8,5,0.421883938556,1.0432857425455,-5.5310826489175,-0.288306534798107,3.77048889997691,0.278136322759991,-0.0453598447189965,1
"424","kansas purdue 2017",32,4,1.75,1,56,128,3,0.0670421095650484,1.17746996195171,-5.35440601393446,0.524940333139321,2.65703459233621,0.0667496966573532,0.171432826537152,-1
"425","oregon michigan 2017",1,4,1.75,1,1.75,4,4,0.715586882963202,0.218051245652933,-5.49584915050507,-1.00758755085433,4.35017791854071,0.153870561461082,0.0444336897124302,0
"426","kansas oregon 2017",-14,8,1.875,0,-26.25,-112,2,-0.439691489195953,1.00619097470837,-5.26309176774263,-0.0456718036720387,-3.136923283653,0.0425686459630388,-0.0407332031589466,-1
"427","north-carolina texas-southern 2017",39,1,1,1,39,39,15,1.97436788409761,10.018188562204,-4.88003518686406,0.268310838030436,0.614586530835654,0.0414654753516609,0.199325582331564,1
"428","arkansas seton-hall 2017",6,1,1,1,6,6,1,0.238490604407463,0.154310968719449,-4.79326144065274,0.778967063676323,2.7099498460135,-0.104696053375007,0.132839332457963,2
"429","minnesota middle-tennessee 2017",-9,1,1,0,-9,-9,7,-1.27273075557054,1.36226981449944,-5.1937436031195,-0.132719788377305,2.14281537666943,-0.0478895336689298,-0.176337824698281,-1
"430","butler winthrop 2017",12,1,1,1,12,12,9,0.0189415991434183,5.65701575317477,-5.09790752406675,1.30066513711965,-2.00604191902424,0.0239107926957761,0.105623505437526,-1
"431","cincinnati kansas-state 2017",14,1,1,1,14,14,5,2.06005959531804,1.49602895837836,-5.09438553835569,2.44207558812967,1.32723718079047,0.115268368411539,0.297400751153494,1
"432","ucla kent-state 2017",17,1,1,1,17,17,11,2.11207976481731,6.3635426694256,-4.60941522649406,0.634027286727656,0.575446491351428,-0.15575073972873,0.503360420691961,-2
"433","dayton wichita-state 2017",-6,1,1,0,-6,-6,3,-2.24730692929986,-3.04592352665772,-5.31149526143791,-0.685907671480047,1.4496709631258,-0.169275746813573,-0.247874710005145,-1
"434","kentucky northern-kentucky 2017",9,1,1,1,9,9,13,1.48405275365909,7.31877527296182,-5.0875262909593,1.28522241009284,2.20278844832776,-0.00171085663765789,0.188223016878663,0
"435","north-carolina arkansas 2017",7,2,1.5,1,10.5,14,7,1.51466764733406,3.53315789212744,-5.07152479203404,0.270846417983088,-1.60390526112481,0.178681639254548,0.0826743140008205,2
"436","butler middle-tennessee 2017",9,2,1.5,1,13.5,18,8,-0.809772967930622,2.54412912483857,-5.13380295190812,0.0527144087704059,-0.454924037274161,-0.0733628983303834,-0.0616389848623271,0
"437","ucla cincinnati 2017",12,2,1.5,1,18,24,3,-0.151845655243648,-0.0327357920659539,-4.91600720697441,-0.8581195231662,-2.55204288481336,-0.0962381924835615,0.151353596656182,-1
"438","kentucky wichita-state 2017",3,2,1.5,1,4.5,6,8,-1.49096687532819,0.234252852274839,-5.3199426264124,0.239045940027382,-0.232294611015082,-0.00143113403236077,-0.104855237204541,-1
"439","north-carolina butler 2017",12,4,1.75,1,21,48,3,0.798562818198096,2.02404833444119,-5.35091922135104,-0.311536952883988,1.0453056727053,0.254486582780747,0.0812565604277847,2
"440","kentucky ucla 2017",11,4,1.75,1,19.25,44,1,-0.176089220910661,1.1195754686274,-5.67529947823691,0.244403194229508,0.165762808806537,0.0409603506173247,-0.241804815419061,1
"441","north-carolina kentucky 2017",2,8,1.875,1,3.75,16,1,-0.142348345602313,0.456475474042975,-5.10126671288312,-0.351352571803388,-0.162838237248037,0.150002355566247,0.00925561589264312,2
"442","kansas austin-peay 2016",26,1,1,1,26,26,15,3.04944248449091,9.90917714350238,-5.01116853687692,0.740617486458304,-0.341947924248808,-0.028461602612931,0.269203460259136,0
"443","colorado connecticut 2016",-7,1,1,0,-7,-7,1,-1.18835844002509,-1.79022390589122,-5.04989508685132,-0.79676924701004,-2.06957949150428,0.11400493497807,-0.164213659112817,0
"444","maryland south-dakota-state 2016",5,1,1,1,5,5,7,0.37817614239433,3.94786162632075,-5.02344160187881,-0.790368976094981,4.24341040474307,-0.0274630102362631,0.184544830855634,0
"445","california hawaii 2016",-11,1,1,0,-11,-11,9,-0.756974666560958,2.12514879943469,-5.06232379679927,-0.163729592532285,-2.27910518659748,0.0149942791020322,-0.0463276310064678,0
"446","arizona wichita-state 2016",-10,1,1,0,-10,-10,5,-0.590378526264248,-0.123869783636635,-4.78280134101127,-1.61592515804579,-3.05818692682444,0.0928076697098733,0.0662758392591734,-1
"447","miami-fl buffalo 2016",7,1,1,1,7,7,11,1.33138316766827,5.65624608758945,-4.8590537342184,0.731356644827768,-0.165070486677301,-0.0422101788555748,0.240501918123039,0
"448","iowa temple 2016",2,1,1,1,2,2,3,1.74395270248465,3.21526240107166,-4.43239578163772,-0.607732879063271,3.24532174045892,0.054339991120542,0.334884452890075,0
"449","kansas connecticut 2016",12,2,1.5,1,18,24,8,0.651010203170585,2.22676499637162,-4.98831392418451,-0.534043868600085,-2.50812047286817,0.0392851656189031,0.106812900249138,0
"450","maryland hawaii 2016",13,2,1.5,1,19.5,26,8,-0.310797604211381,2.49101652082755,-5.0196896271755,-0.551483716661795,0.481466689830109,-0.0578190839110804,0.118687655461901,0
"451","miami-fl wichita-state 2016",8,2,1.5,1,12,16,8,-1.42286015967427,-0.353463188257416,-4.7803101333768,-1.15959637693466,-2.3826549795086,0.00763592549690326,0.0508091861176009,0
"452","villanova iowa 2016",19,2,1.5,1,28.5,38,5,1.56573295744213,2.65970333644123,-4.89925087075542,-0.568757222279404,-0.790688887540169,-0.0360317013402381,0.105751091068178,-1
"453","kansas maryland 2016",16,4,1.75,1,28,64,4,0.876860197230722,2.22378587176901,-5.37417346442446,0.544018183220154,-2.25003707159309,0.0529691568651214,0.052204875385462,0
"454","villanova miami-fl 2016",23,4,1.75,1,40.25,92,1,1.6802204799336,2.38768152675178,-5.21913801161522,0.260719682172207,1.07777937427299,-0.00548119310931785,0.12926561209799,-1
"455","kansas villanova 2016",-5,8,1.875,0,-9.375,-40,1,-0.533723682275942,-0.501662053826983,-5.42074896520917,-0.650781735087254,-1.56587581525855,0.0387711911388267,-0.0686929661132964,1
"456","oregon holy-cross 2016",39,1,1,1,39,39,15,3.43251707540471,10.0049349434429,-4.69100891409224,0.410420138243468,3.39363232550988,0.231733099715574,0.520717565572181,-1
"457","saint-josephs cincinnati 2016",2,1,1,1,2,2,1,-0.841313671714216,-1.10435793580054,-4.77859437026559,0.392367985326596,-5.2100031252316,-0.233833230954343,-0.12468956406057,0
"458","baylor yale 2016",-4,1,1,0,-4,-4,7,-1.03582844364099,1.87748089170466,-5.11324943353517,0.289665306365575,1.36656212318663,0.0877785467863004,0.0246109939668905,1
"459","texas northern-iowa 2016",-3,1,1,0,-3,-3,5,-0.481144358012718,2.01108475206059,-5.21912589102485,0.316491988926629,0.704657178005794,0.328744409448944,0.013315336882234,3
"460","texas-am green-bay 2016",27,1,1,1,27,27,11,1.44616433246477,5.69735734888467,-4.79246778755815,-1.01924871665785,-2.03714422925692,0.0813505670796626,0.0250992954352135,-1
"461","oklahoma cal-state-bakersfield 2016",14,1,1,1,14,14,13,0.0950620177187158,5.96351680028014,-4.69239824275042,-0.0195396334279865,-2.72090045385951,-0.0909156660504506,0.148395237703597,-1
"462","oregon saint-josephs 2016",5,2,1.5,1,7.5,10,7,0.631967717933996,1.89722159498169,-4.96821215204612,-0.717729809109552,4.22183971448648,0.162551873230002,0.171650871349774,0
"463","duke yale 2016",7,2,1.5,1,10.5,14,8,-0.58274441978025,3.13833663442349,-5.08936804748724,2.00985173478302,-0.713756949641517,0.0240804718868251,0.188315651424049,0
"464","texas-am northern-iowa 2016",4,2,1.5,1,6,8,8,0.924348603224034,2.87384741759637,-5.19842657274587,-0.689356922872872,1.609087132782,0.320982873334235,0.111816899967454,1
"465","oregon duke 2016",14,4,1.75,1,24.5,56,3,0.126290882569004,-0.535761416982992,-5.22182886254991,-0.770602218126593,3.03850972692499,-0.0811404340027416,-0.103641999632761,0
"466","oklahoma texas-am 2016",14,4,1.75,1,24.5,56,1,-0.0454400786400537,0.975509171529973,-4.91145026921085,-0.0325668654773974,-0.0674923165739916,-0.0809772104876631,0.102845297995204,-1
"467","oregon oklahoma 2016",-12,8,1.875,0,-22.5,-96,1,0.12672670831734,-0.811911784898865,-5.25250878311492,0.813925928592444,2.3197364688773,0.0738654422836603,0.0640293227256841,0
"468","north-carolina florida-gulf-coast 2016",16,1,1,1,16,16,15,1.60273896310013,8.52406800524318,-4.90062353358835,1.1593004864861,1.0972716639315,0.141114742802561,0.382593649733224,-1
"469","indiana chattanooga 2016",25,1,1,1,25,25,7,1.2843171730047,5.75759425287669,-5.0191532447088,-0.433479425250271,-2.35716839793832,0.100558511590667,0.279563507767843,2
"470","kentucky stony-brook 2016",28,1,1,1,28,28,9,-0.204093588548362,5.18807681116736,-5.05554519099215,0.671877846046664,-0.0893646766943075,-0.0325239297454273,0.00641296211381679,1
"471","notre-dame michigan 2016",7,1,1,1,7,7,5,-0.839297384758386,-0.784080052391404,-5.24195200935655,-0.142327499720416,1.56889224520879,0.138677872385281,0.0319446654415415,-1
"472","west-virginia stephen-f-austin 2016",-14,1,1,0,-14,-14,11,-1.32877892380289,3.55603344738137,-5.32113645265149,-0.316619097313113,-0.278091275503483,0.177769616748738,-0.176087108366894,1
"473","wisconsin pittsburgh 2016",4,1,1,1,4,4,3,-0.805251451798562,-0.634150890381967,-5.00377521007361,0.0955022627442439,0.343271434040744,-0.0919406090032194,-0.195564720997176,-2
"474","xavier weber-state 2016",18,1,1,1,18,18,13,0.267953110614277,6.12032496670911,-5.31766120469872,1.33087215997402,1.76539981738228,0.0891249632299177,0.0736998603841837,0
"475","north-carolina providence 2016",19,2,1.5,1,28.5,38,8,2.06233263655545,4.05465902623215,-4.66630071012834,0.573614344892734,1.64977357221781,0.205487900545616,0.505721795552364,1
"476","kentucky indiana 2016",-6,2,1.5,0,-9,-12,1,-0.350316219848717,0.250100949552127,-5.5666501909533,1.51539548997305,0.687466536657251,-0.0213299035952685,-0.110359410191241,-1
"477","notre-dame stephen-f-austin 2016",1,2,1.5,1,1.5,2,8,-2.84080821352093,1.14190739625443,-5.2884318877795,1.10239578563038,-3.0973218982871,-0.0603341100146622,-0.0501238517158367,-1
"478","xavier wisconsin 2016",-3,2,1.5,0,-4.5,-6,5,1.16889191042829,1.57173407301675,-4.71195575427383,-0.272960066871734,0.281708883566692,0.0181768438159239,0.164442981889518,0
"479","north-carolina indiana 2016",15,4,1.75,1,26.25,60,4,-0.135255270630608,1.35952517440449,-5.56257220411021,1.78443108060285,0.862356008753659,0.0646287296520901,0.0231374715136244,-1
"480","notre-dame wisconsin 2016",5,4,1.75,1,8.75,20,1,0.0179066103206393,0.0651997915451963,-4.69628492662862,0.559236800960384,-0.108526667500099,-0.0193959052424024,0.313432759801119,-1
"481","north-carolina notre-dame 2016",14,8,1.875,1,26.25,112,5,1.88847703940623,3.51184570625247,-5.1370267886181,0.0345931293499184,2.00676486689499,0.180166947596844,0.183621953752971,1
"482","virginia hampton 2016",36,1,1,1,36,36,15,2.7628278626171,11.1480796702662,-4.50879795204773,1.16261643148605,1.77302212292552,-0.0952733605671983,0.471392214384507,0
"483","texas-tech butler 2016",-10,1,1,0,-10,-10,1,-1.22742720384852,-0.88067475164213,-5.09894816389156,-1.18659195802223,0.430816605699633,0.0515561903620994,-0.149006829710752,1
"484","iowa-state iona 2016",13,1,1,1,13,13,9,-0.0336144660362399,3.81003247729997,-5.13478721251725,0.797441300256858,-1.31898009696907,-0.0824782814704464,0.049877451411394,-1
"485","seton-hall gonzaga 2016",-16,1,1,0,-16,-16,5,-1.52970281818026,-0.612996908094281,-5.35664883249827,-0.948605268336173,3.50173918274322,0.0743398259425785,-0.19972388513331,0
"486","utah fresno-state 2016",11,1,1,1,11,11,11,0.366018585855147,3.27106108380193,-4.68213361504907,-1.63111785370827,-3.29678969772278,-0.0812481460323145,0.0804529947455553,-1
"487","dayton syracuse 2016",-19,1,1,0,-19,-19,3,0.176326098183006,-1.4775880037742,-4.85659050504878,-0.457835227992495,-2.1654825974191,-0.0809954640564406,-0.119769168865628,3
"488","michigan-state middle-tennessee 2016",-9,1,1,0,-9,-9,13,2.43913258473981,6.57381592410874,-4.83415322408849,-0.0475781601891532,-0.0549943700551978,0.175672433976052,0.368555509316209,2
"489","virginia butler 2016",8,2,1.5,1,12,16,8,0.811992833349474,3.08500127610237,-5.07108089643751,-0.257969852009135,-0.0458572629055674,-0.0239443414355366,0.0755331857076367,1
"490","utah gonzaga 2016",-23,2,1.5,0,-34.5,-46,8,-1.47975160383114,-0.735649777878352,-5.30329295217724,-0.903884434471553,1.25477665112738,-0.038125722332915,-0.0867471794705971,1
"491","syracuse middle-tennessee 2016",25,2,1.5,1,37.5,50,5,0.191046299860552,3.98378442244021,-4.88223239306356,-0.419634008652944,3.07141389308536,0.109953819000014,0.123188857960834,-3
"492","virginia iowa-state 2016",13,4,1.75,1,22.75,52,3,1.47940352226847,3.1855192863705,-5.33707055499322,0.459142003888674,0.243218600262885,0.0387668244092139,0.0844436516430058,1
"493","syracuse gonzaga 2016",3,4,1.75,1,5.25,12,1,-1.73887721545971,-0.405942564127091,-5.34911922038895,-0.480583246172164,4.82126079278575,0.0272415352657429,-0.144516671556927,-1
"494","virginia syracuse 2016",-6,8,1.875,0,-11.25,-48,9,1.51433555125892,3.19027319918572,-4.82080846980256,1.23105908663433,-2.8173952365792,-0.0878063592533107,0.20591738349975,2
"495","kentucky hampton 2015",23,1,1,1,23,23,15,5.12920022183435,13.3190067095071,-4.47459727352364,1.58805273391276,3.58163512521806,0.194426857606285,0.681340006999885,1
"496","cincinnati purdue 2015",1,1,1,1,1,1,1,0.729172476137779,-0.24148992790391,-4.88277658227334,-0.334045030885886,2.4432389409527,0.0556588301896582,0.0648814196543526,-1
"497","west-virginia buffalo 2015",6,1,1,1,6,6,7,-0.0848421099390029,2.48690045517468,-4.8393161041127,-0.457931786708529,1.38043947775792,0.0934320023950434,-0.111175151368114,2
"498","maryland valparaiso 2015",3,1,1,1,3,3,9,-0.872829650554526,2.29190314640535,-4.94756104693291,0.0199407233415307,-2.11055907650521,-0.0783670331143246,-0.098711772769186,1
"499","butler texas 2015",8,1,1,1,8,8,5,0.0703319517606511,0.240332704953161,-4.85193548466499,1.03670787817116,-2.30553724470466,-0.075384565773231,-0.0804407312467994,-1
"500","notre-dame northeastern 2015",4,1,1,1,4,4,11,2.23220713064034,6.13597028042607,-5.23762538990362,3.19313819643111,1.28897569675393,-0.0499083067402175,0.492634028835426,-1
"501","wichita-state indiana 2015",5,1,1,1,5,5,3,2.19403284743052,2.1390030545153,-5.22846820550939,1.1761364315937,4.20227046378121,-0.0184743605165522,0.157914881367445,-1
"502","kansas new-mexico-state 2015",19,1,1,1,19,19,13,-0.87031123268046,4.43617134277108,-5.06082055471196,0.92896330155426,0.522765722308716,-0.119635272459722,-0.103792186497627,2
"503","kentucky cincinnati 2015",13,2,1.5,1,19.5,26,7,3.11025487560422,6.1720307733227,-4.79481767998516,1.76888440337537,0.495424941880279,0.043108917442126,0.385137280189605,0
"504","maryland west-virginia 2015",-10,2,1.5,0,-15,-20,1,0.102926115949476,-0.580814132546581,-4.46748005039899,-0.712723995669374,-3.41127956337174,-0.170156314360069,0.000660395638525557,0
"505","notre-dame butler 2015",3,2,1.5,1,4.5,6,3,1.29844736251815,1.19002804109242,-4.63933132896418,1.0529588888023,0.809449406420732,-0.101630196591413,0.548986881540756,-1
"506","kansas wichita-state 2015",-13,2,1.5,0,-19.5,-26,5,-2.11156560084496,-0.309382332673065,-4.94583388860598,-2.03724793894385,-1.53733321829449,0.022007763426976,-0.326786185439574,2
"507","kentucky west-virginia 2015",39,4,1.75,1,68.25,156,4,3.61978510090271,5.22667774281458,-4.46851342111239,0.864163030218559,0.716254812470803,0.0371983750424877,0.448599677553264,-1
"508","notre-dame wichita-state 2015",11,4,1.75,1,19.25,44,4,-0.419437507754674,0.553923698680506,-4.87326733290109,-0.155487263175463,-1.77677326631333,-0.126192164338333,0.174228671512772,-1
"509","kentucky notre-dame 2015",2,8,1.875,1,3.75,16,2,1.8207530473331,3.22703753951181,-5.58763093008542,-0.493258552292938,3.22809542030267,0.252837264556005,-0.100718401543612,2
"510","wisconsin coastal-carolina 2015",14,1,1,1,14,14,15,1.60573446709885,9.4072599153977,-4.80692989163036,2.40582108515649,-3.32130230265367,-0.111995099769193,0.312648370635563,-1
"511","oregon oklahoma-state 2015",6,1,1,1,6,6,1,-0.14926784254819,-0.478619441519904,-4.92066215784889,0.913372063636393,-3.14235279420046,0.0573384360817718,0.104885427156412,-2
"512","arkansas wofford 2015",3,1,1,1,3,3,7,-0.182309279549313,3.75558043741719,-4.96035765544395,0.189806767458196,2.29312631899921,0.140204317964493,0.139620618258343,0
"513","north-carolina harvard 2015",2,1,1,1,2,2,9,0.0864133783843952,5.23025696024456,-4.7349795239762,0.23026571801408,-1.72203548961985,0.0863961626101973,0.135067535202652,2
"514","xavier mississippi 2015",19,1,1,1,19,19,5,0.580445740081516,1.66531797766122,-4.73733738003216,-0.976398111803303,-1.74432688283084,-0.0471090788546704,0.0916510515104065,-2
"515","baylor georgia-state 2015",-1,1,1,0,-1,-1,11,-0.088593120898385,4.53157446588911,-5.09927252043506,-1.12956725573125,-2.04857767917165,0.242343574957975,-0.105253672309341,-1
"516","arizona texas-southern 2015",21,1,1,1,21,21,13,3.85554951113326,10.626619193014,-4.80690632372347,0.951963334422956,1.45431196261312,0.0845278051565964,0.38511530927598,0
"517","wisconsin oregon 2015",7,2,1.5,1,10.5,14,7,2.73129035751422,5.08598852722872,-4.99424399379212,2.18798149430993,-2.08570559820913,0.026757270212089,0.363900926914306,0
"518","north-carolina arkansas 2015",9,2,1.5,1,13.5,18,1,0.385071908005502,2.40901448426997,-4.90639271200723,-0.1551815406513,-0.995686530741132,0.0324087294912938,0.0556763994588046,0
"519","xavier georgia-state 2015",8,2,1.5,1,12,16,8,-0.761866860045292,3.56473029461977,-5.05689604965877,-0.959763228278026,-5.18703218805622,0.0285941399292325,-0.124659832925503,-1
"520","arizona ohio-state 2015",15,2,1.5,1,22.5,30,8,1.08624193412644,1.72234744020133,-5.07911987655218,0.208023632655276,-2.45783854849364,0.0294109236203791,-0.00627274961339523,0
"521","wisconsin north-carolina 2015",7,4,1.75,1,12.25,28,3,1.85654943288803,2.0974707387498,-4.89095314501906,2.40984174669811,-3.04230275728519,-0.132437094396306,0.272268870101125,-2
"522","arizona xavier 2015",8,4,1.75,1,14,32,4,2.38981406235813,2.90230107847896,-5.17163993361631,0.671490611497888,1.65056434646392,0.0718501869419045,0.178151576822077,1
"523","wisconsin arizona 2015",7,8,1.875,1,13.125,56,1,-0.119733754799842,0.706639182509127,-5.17440018945196,2.1472439157581,-2.92928299525866,-0.0751490956380622,0.167297290250139,-1
"524","villanova lafayette 2015",41,1,1,1,41,41,15,3.46299530575116,9.33077508290111,-5.38409060455546,0.301064554038928,3.38285673431386,0.0827248031787129,0.155375664438029,-1
"525","northern-iowa wyoming 2015",17,1,1,1,17,17,7,1.39861537253858,3.09837664327127,-5.1430280952459,0.0279220500810791,0.282374519778042,0.0790391594784707,0.186011413464586,2
"526","providence dayton 2015",-13,1,1,0,-13,-13,5,-0.949596729084655,0.855025356298402,-5.20444914436546,0.208932134486869,2.57254909714012,0.128730911558586,-0.00824001655610545,1
"527","michigan-state georgia 2015",7,1,1,1,7,7,3,0.800199362565354,1.82126970000486,-4.80067852498439,0.765236266466549,-0.198199119216474,0.0201598333229898,0.19793493670619,0
"528","virginia belmont 2015",12,1,1,1,12,12,13,2.3453631288074,7.25796967266911,-5.4476258266048,2.16725040129514,2.72853289113082,0.126447265912304,0.0517330261594616,3
"529","villanova north-carolina-state 2015",-3,2,1.5,0,-4.5,-6,7,2.77086100342066,3.33850487676031,-4.72008948429847,-0.4291405843376,2.53218729767494,-0.00222909025904077,0.333185892016504,0
"530","louisville northern-iowa 2015",13,2,1.5,1,19.5,26,1,-0.487258076015227,1.26012557420893,-5.46886596924633,0.889258084316239,3.34656072682954,0.191376784754837,-0.0401966703564906,-1
"531","oklahoma dayton 2015",6,2,1.5,1,9,12,8,0.181671470543341,2.70985516683143,-5.1952586880328,0.492996897429737,1.76885138113083,0.114194876700328,0.0661848051920877,0
"532","virginia michigan-state 2015",-6,2,1.5,0,-9,-12,5,1.72490703765679,2.06093419416593,-4.98724512645804,0.657726257203331,1.02304069855066,0.012527665349156,0.0802092455158704,1
"533","louisville north-carolina-state 2015",10,4,1.75,1,17.5,40,4,1.40542158792493,1.71728115781961,-4.79330932384929,-0.582857086778539,4.09800618352415,0.0608261431898098,0.121800260410742,0
"534","oklahoma michigan-state 2015",-4,4,1.75,0,-7,-16,4,0.208131783607214,0.230084015836781,-4.99473500270792,-0.244324915521211,1.10731859705553,-0.0362280947851433,-0.0664099209466908,-1
"535","louisville michigan-state 2015",-6,8,1.875,0,-11.25,-48,3,0.554933879283205,0.25606276310616,-5.0124011670675,0.181526492479208,2.760275535099,0.0414229305682412,0.00980966337586438,-1
"536","duke robert-morris 2015",29,1,1,1,29,29,15,3.27264867888917,9.7579530862204,-4.8223270847705,1.70173101311695,-0.579249344032092,0.0804577221292157,0.495253873944534,0
"537","utah stephen-f-austin 2015",7,1,1,1,7,7,7,0.0324723067753707,4.45694661376085,-5.3767291618852,0.653640593642495,0.667370650723809,-0.102289281510326,-0.00622704908455241,1
"538","georgetown eastern-washington 2015",10,1,1,1,10,10,9,-0.32952607954857,5.11252635912373,-5.39579266573982,-1.65320856192073,2.54929799396162,0.0941409467811535,-0.289205029727709,2
"539","iowa davidson 2015",31,1,1,1,31,31,3,-0.538950048473797,1.40992811212207,-5.27502435725259,-1.1910093310747,3.44662205027681,0.115870829478228,-0.166169328952248,0
"540","gonzaga north-dakota-state 2015",10,1,1,1,10,10,13,3.38982889455043,7.67836120241276,-4.75895134719741,0.287289391926465,-0.276915951311114,0.152415540289277,0.487642092324241,1
