"","teams","finalFourTeam","seed","ws.40","aBPM","TS","TOV","StlBlk","OR","PER","depth"
"1","connecticut 2024",0,1,8.00073471865557,7.95779306532132,6.03029784065525,-6.1316451527919,11.3437945143204,0.653572582852006,2.0689083670836,9
"2","stetson 2024",0,16,4.79853221198632,-1.30334654602653,5.80666530278232,-6.64584055444447,7.75835952231301,0.496031871936412,1.66961228774029,9
"3","iowa-state 2024",0,2,7.05039291104446,7.37961749606036,5.52308656957929,-6.63628584138073,13.6330355791067,0.539479044201964,1.74912685957668,9
"4","south-dakota-state 2024",0,15,5.25952593084508,0.634834560502306,5.85511030886482,-6.88882426511838,9.44163717494999,0.423486190362082,1.64893654079291,8
"5","illinois 2024",0,3,6.45659256856427,6.74231636382425,5.81664938911514,-6.16931643379124,7.05942501942502,0.624153606683646,1.8818628273208,8
"6","morehead-state 2024",0,14,7.06221053650998,0.969635776154966,5.80159201954397,-7.55543195579784,10.2163839217484,0.626568147450437,1.77885531142159,8
"7","auburn 2024",0,4,7.14995727560465,7.37990569258736,5.88561164333088,-6.35206670419617,12.8836294027565,0.565425536823261,1.90133428378964,10
"8","yale 2024",0,13,5.89259492488862,2.02825072326959,5.58718604651163,-6.00779233381096,8.91866461748634,0.465559358191622,1.72650255860861,8
"9","san-diego-state 2024",0,5,5.92623356683866,5.20278218121107,5.48614013770757,-6.58359015898233,11.2073975044563,0.563843036815417,1.66375764141045,9
"10","alabama-birmingham 2024",0,12,4.63515068950429,1.89838055584376,5.55480157170923,-6.92924198316228,10.6341536614646,0.604214524474357,1.7098032758784,8
"11","brigham-young 2024",0,6,6.45836229833642,6.31907505274764,5.75279366306028,-6.60491474037932,8.15794428921339,0.564848208106555,1.76172932990697,10
"12","duquesne 2024",0,11,5.32117915045069,2.90746344894,5.45665178571429,-7.26973516104673,12.262586234558,0.504977050797995,1.59240093711139,10
"13","washington-state 2024",0,7,5.83016866587733,4.72302592682038,5.57108454312553,-6.7808580353721,9.64454036770583,0.603797975900395,1.71670018520983,8
"14","drake 2024",0,10,6.17823520249093,3.60914260599917,5.89988700564972,-5.88299376083308,7.15044819985305,0.413301578883983,1.72212615136078,9
"15","florida-atlantic 2024",0,8,5.73206961607475,4.36706029901192,5.81863990646921,-6.74175032546914,9.13321516646116,0.547579151172422,1.77821774280039,9
"16","northwestern 2024",0,9,5.3505221053143,4.48337678805071,5.63204965920156,-5.36412879214148,9.98549559624501,0.464089332986398,1.76718036269529,7
"17","north-carolina 2024",0,1,6.52661181483788,6.90539518213873,5.62910984848485,-5.99265815094485,9.16159975003906,0.556779322832791,1.78579412814004,8
"18","wagner 2024",0,16,4.50611972531184,-3.12488658532697,4.89915717539863,-6.18405942854748,8.22896881644224,0.534999840567233,1.34801407646396,7
"19","arizona 2024",0,2,7.11629513343799,7.49119309262166,5.85659543109801,-6.7686033590176,10.3071271585557,0.613835164835165,1.87625431711146,8
"20","long-beach-state 2024",0,15,4.4597273218558,0.224728925140188,5.43668792347549,-7.48477027114289,11.6388657085458,0.560535688340676,1.59595746557436,8
"21","baylor 2024",0,3,6.01817557153219,6.44908315037161,5.91600485240598,-7.25248288077229,9.78572706589262,0.632773400866793,1.80424889413037,8
"22","colgate 2024",0,14,5.89049286821761,0.272927681647399,5.63555316401205,-7.01906089909679,9.78056483449742,0.430916726450726,1.60694979118071,10
"23","alabama 2024",1,4,5.87190097233182,6.48540757992952,6.07101481481481,-6.97673184724006,9.77952246725253,0.593837227545136,1.87134700360557,9
"24","college-of-charleston 2024",0,13,5.88483449403591,1.95441845112969,5.6605534351145,-5.94919675115996,8.58123381568926,0.575069318008706,1.77328075001228,10
"25","saint-marys-ca 2024",0,5,7.53684096603595,5.30435998526663,5.59890899689762,-6.06096201304932,9.60752431638833,0.638476142404358,1.75131508942335,7
"26","grand-canyon 2024",0,12,6.68871104535619,3.18547827443332,5.71660735468565,-7.29573285336428,12.5554937413074,0.579585487558338,1.75593781158455,10
"27","clemson 2024",0,6,5.24934778798289,4.78643430554582,5.8109745939192,-6.38611038258335,8.37131213041394,0.48807237257239,1.69465435041716,9
"28","new-mexico 2024",0,11,6.23986023270856,5.09598837167978,5.48307258367807,-5.73275487669404,12.9997354908978,0.513275888294205,1.81085134088179,8
"29","dayton 2024",0,7,6.12766215933158,4.83625573114251,5.97929481346679,-6.63237636806017,9.70047716428085,0.445541752973212,1.81243657923523,7
"30","nevada 2024",0,10,6.16613300886325,4.67285133946212,5.81765206295194,-6.4748230178736,9.88167556202491,0.449202934041609,1.72824783917503,8
"31","mississippi-state 2024",0,8,5.33504818612799,4.81325282590753,5.50177835051546,-7.79148752981117,10.8976273331224,0.649872916605634,1.64552454182468,9
"32","michigan-state 2024",0,9,5.60222781342893,5.82343136390282,5.50589416058394,-6.19240403238921,10.873727257553,0.510132546183656,1.69109217017789,8
"33","houston 2024",0,1,8.03415353027926,9.18929738349219,5.34234332425068,-5.4833447725176,15.2694612852936,0.580676873531113,1.92468511753701,7
"34","longwood 2024",0,16,5.58242353640819,-0.238055551373446,5.40181001283697,-7.40086426138143,9.25976500476342,0.672761459188052,1.58444358292997,8
"35","marquette 2024",0,2,5.76441036326757,6.15375817426777,5.8130652866242,-6.28079961263402,11.4264412660818,0.471073513656855,1.7357700995343,9
"36","western-kentucky 2024",0,15,5.51040990948857,0.740713726031429,5.634386035313,-7.42833874424722,9.47049329888976,0.489745873098408,1.59242647714389,9
"37","kentucky 2024",0,3,5.76850620081411,5.31197445989968,6.05787777777778,-6.20671220353697,12.2938151041667,0.493977732754889,1.90937940526467,9
"38","oakland 2024",0,14,4.74504401958048,0.959400825716866,5.58048547552726,-6.96794458191767,9.09471601561276,0.519336851338821,1.63849068763363,9
"39","duke 2024",0,4,7.02218675854796,7.15826013080511,5.86606020362992,-6.1256463726881,10.4088229943606,0.596129987351713,1.94139424045097,8
"40","vermont 2024",0,13,5.98567473809309,1.17320625280676,5.59438425730004,-5.75124545876213,9.63558520391066,0.403470242106105,1.6539515721554,10
"41","wisconsin 2024",0,5,5.23305569135015,5.62569239628087,5.69618072289157,-6.15774138208353,7.1988373848709,0.519975946314488,1.69298204388101,9
"42","james-madison 2024",0,12,7.18324397498993,3.02744090441932,5.83289196071299,-6.25310956679115,10.6501645721125,0.541428299776793,1.85057911631676,9
"43","texas-tech 2024",0,6,5.33344637124598,5.05260254826867,5.74588260681916,-7.10507150412436,7.39053410761681,0.497418323997217,1.61583852864998,8
"44","north-carolina-state 2024",1,11,4.98207216598402,4.08905879419605,5.48451923076923,-5.81669761415996,10.4315448914635,0.513456405101796,1.71540839968382,8
"45","florida 2024",0,7,5.20968022859588,4.67988797885182,5.5004203539823,-6.31537769951008,9.88968378209142,0.551873003988203,1.74342985498831,8
"46","colorado 2024",0,10,6.37396858877207,6.03739327321158,6.05851357173632,-7.25551338596419,7.60285309232678,0.53338778621793,1.84609422295243,6
"47","nebraska 2024",0,8,5.7887100949158,5.13350715872313,5.70669898819562,-6.82754228703175,8.39096031340733,0.506659590470163,1.67402476470783,8
"48","texas-am 2024",0,9,5.12453428192551,4.59435479820752,5.15523673469388,-5.67691749645694,9.90445319600121,0.762182824023116,1.68335664630361,9
"49","purdue 2024",1,1,6.98837250900538,7.87570153029712,5.98353235747304,-7.0299256757725,8.78164105813401,0.678394843338489,1.90325730436458,9
"50","grambling 2024",0,16,3.83431772721167,-2.61347478713214,5.35026976744186,-8.28523847773201,10.0015007898894,0.519158266720619,1.42633631917268,9
"51","tennessee 2024",0,2,6.59943439658007,6.98952647155541,5.5327701863354,-5.94127069317304,12.2225243038392,0.598755343636961,1.77993587635646,8
"52","saint-peters 2024",0,15,4.71479771271484,-0.752348709927351,5.0080969207471,-7.60889964682709,11.6681228444736,0.617326913849359,1.40888278936749,9
"53","creighton 2024",0,3,6.51469317928247,6.76995512359606,6.06875623960067,-6.37369738616106,6.97712730870712,0.387598229117596,1.82144173195646,7
"54","akron 2024",0,14,5.80387681350135,1.22303007066039,5.66572921019641,-7.13376306123736,8.15545633419101,0.489685890129612,1.57083746902443,9
"55","kansas 2024",0,4,5.16466159830293,5.20510486202878,5.72365174672489,-7.83638779822565,10.9047315951428,0.445600328136365,1.56859352408843,7
"56","samford 2024",0,13,6.45076132929103,2.16906613325615,6.01196574832465,-7.82263943186795,12.5920699984235,0.505060009162978,1.84657381310869,11
"57","gonzaga 2024",0,5,7.56870962343096,6.16349790794979,6.02920472440945,-5.81349630545078,10.0951464435146,0.595464435146444,2.04821924686193,7
"58","mcneese-state 2024",0,12,8.22262027035126,2.54724876194317,5.86078367346939,-6.04757562557189,14.2701921524302,0.602124450132699,1.96836395759577,9
"59","south-carolina 2024",0,6,5.08982913672515,4.03457783378054,5.44253303964758,-6.09699750609042,7.75386958561238,0.522725217173042,1.58526970362802,10
"60","oregon 2024",0,11,4.98154105465928,4.60977606549482,5.53223591549296,-6.31903467402967,10.4970771756979,0.535523416807127,1.72580905369612,8
"61","texas 2024",0,7,5.61640442257159,5.60701824094565,5.73619913419913,-7.00529559093788,10.8866557107642,0.491590476805798,1.7492754980538,8
"62","colorado-state 2024",0,10,5.61721058978838,4.22334049157759,5.8811525974026,-6.49883148367667,9.18984146529167,0.404691597800178,1.68222901698155,9
"63","utah-state 2024",0,8,6.0767691470878,4.25255825806696,5.90049651210505,-6.94137325530254,10.3300926678589,0.4603958345791,1.77468382694373,8
"64","texas-christian 2024",0,9,5.75241142527101,4.77660908342448,5.57360981308411,-7.2926744755519,11.7429302815841,0.637651949000182,1.69892771696723,10
"65","kansas 2023",0,1,5.58201296333662,6.39103186578038,5.5659217877095,-7.6256971874311,10.4889500972132,0.437571388828427,1.67186186402139,7
"66","howard 2023",0,16,4.90942749747188,-0.904616757865348,5.67489093959732,-9.54563832200332,9.57282067747632,0.590709139014523,1.53623503261654,10
"67","arkansas 2023",0,8,5.40155527498125,4.93252621602617,5.55840444444445,-8.01828744908807,12.6881010996225,0.533590123871171,1.64933087581465,9
"68","illinois 2023",0,9,5.53892165598981,4.50282691057517,5.45320950323974,-7.7952477380332,11.3751037344398,0.553690279984934,1.60894610337307,9
"69","saint-marys-ca 2023",0,5,6.8958453863208,6.14508255332403,5.54428635749662,-6.34046160449407,10.231289407314,0.53565400606936,1.75263693683778,8
"70","virginia-commonwealth 2023",0,12,6.17487391701739,3.64295311620485,5.59847368421053,-8.30313901557708,13.1226492361002,0.491053888855437,1.67244137440389,8
"71","connecticut 2023",0,4,6.90901102823816,6.50333114226477,5.70990942774804,-8.11258786067581,10.8904845393688,0.688894656158795,1.80494920395352,9
"72","iona 2023",0,13,6.60233808998643,2.94967644609122,5.5432652173913,-6.35366176663312,12.9815986677769,0.577988571061107,1.79279479997215,9
"73","texas-christian 2023",0,6,5.57501387918814,5.29345837830953,5.38780564263323,-7.01179828870665,12.3472466216216,0.479444176478553,1.66999238289423,9
"74","arizona-state 2023",0,11,4.67799217118111,3.88171486861458,5.11735038830516,-6.96302992049791,11.8105431309904,0.501968319698453,1.49194360963693,9
"75","gonzaga 2023",0,3,7.11584084550824,6.52693503263911,6.12793203181489,-6.16074721167203,10.0285736530676,0.540045073049425,2.05015697855145,8
"76","grand-canyon 2023",0,14,5.94083405551321,1.39812422660037,5.82427976686095,-7.5819221552412,7.39526526835287,0.534572103347249,1.64293770005832,9
"77","northwestern 2023",0,7,5.4212068672446,4.50841407445181,5.1418855721393,-6.09381546243847,13.1099949005609,0.470290668026517,1.60017508074112,7
"78","boise-state 2023",0,10,6.07277835186566,4.79587908845719,5.60700272479564,-6.97128771122452,7.88170021627017,0.464763529364355,1.63779686020304,7
"79","ucla 2023",0,2,6.96819174674441,6.82280078663783,5.51283925888833,-6.47724433903545,10.8329534976424,0.519733105540016,1.76591721591123,7
"80","north-carolina-asheville 2023",0,15,5.47928981815102,-0.0292110983213289,5.83232567849687,-9.03280161247426,9.44673397582989,0.407177800510599,1.59203608963553,8
"81","purdue 2023",0,1,6.77562331870417,6.62111679405282,5.69360527400082,-6.95864779526996,8.50585234093638,0.7133816010419,1.83928622319509,9
"82","fairleigh-dickinson 2023",0,16,4.70137641890251,-3.11855107591664,5.51353634577603,-6.80421454402668,9.1388620585572,0.592390702970063,1.67203554130652,10
"83","memphis 2023",0,8,5.35555882078551,4.49785878917529,5.72094846900672,-7.99342247272402,12.3734188283299,0.506091306784068,1.64440426262389,11
"84","florida-atlantic 2023",1,9,7.01207432013515,4.42843559323031,5.79571770334928,-7.09637033067177,8.33279420825632,0.520545014712909,1.7784339517755,9
"85","duke 2023",0,5,5.9666543316749,5.0250509776633,5.58261964735516,-7.54159073796073,10.0359535304768,0.621316189701824,1.70447598205696,9
"86","oral-roberts 2023",0,12,7.1584905556042,3.34760583759971,5.97316348973607,-5.54373989223482,11.3263653193459,0.418099416147866,2.02945785159004,8
"87","tennessee 2023",0,4,7.25970853335549,6.74475849279558,5.40894951555329,-6.93721690254087,11.914600211342,0.715442200440487,1.68897302396069,9
"88","louisiana 2023",0,13,5.92440223711725,1.65027501013753,5.7718270453582,-7.67899767815276,8.98837514346614,0.572997379023149,1.78683169134163,8
"89","kentucky 2023",0,6,5.9644263481995,5.55496583093843,5.54110508140108,-6.25854010933808,9.30425173253418,0.689597736296021,1.82370557543124,7
"90","providence 2023",0,11,5.40599601205867,3.77073350797978,5.56738461538462,-6.90400266464419,10.0767812105927,0.562033871311384,1.76302876145188,9
"91","kansas-state 2023",0,3,5.36972739256892,4.99956546293478,5.60136651202025,-8.48787820407475,9.5702656517011,0.54179521167442,1.51813782370836,9
"92","montana-state 2023",0,14,5.44369559069844,0.668459053072227,5.7936375,-7.88775862160542,9.03819787456968,0.444941651741137,1.55585816976892,10
"93","michigan-state 2023",0,7,4.69165933832118,4.68694567355499,5.51230695900858,-7.11262458289951,7.30281713618937,0.44150742749454,1.54149911634309,9
"94","southern-california 2023",0,10,5.3739006196088,4.77437978374438,5.58343794579173,-7.62039500507889,11.6419177596597,0.492505163406633,1.68950091118941,7
"95","marquette 2023",0,2,5.99712234553711,5.52233376043414,5.87658911819887,-6.77593487189771,11.5692115695199,0.434002515498106,1.83580302801907,9
"96","vermont 2023",0,15,5.61859576625454,1.1458544653982,5.76962104324565,-5.78390146508887,8.58009748172218,0.341201658495694,1.73007944998531,9
"97","alabama 2023",0,1,6.78238320417263,7.2242766177995,5.69839354342813,-7.93437510225795,9.40121819583655,0.580077831476321,1.69459164127578,10
"98","texas-am-corpus-christi 2023",0,16,5.64586314103496,-0.433585332998343,5.72262322472849,-7.62331554239651,9.12388778220452,0.561108771105017,1.68328842884336,9
"99","maryland 2023",0,8,5.88423707638581,5.48132015149279,5.55256963162623,-6.68440222776241,9.16751155746852,0.547400521371305,1.69205410456938,8
"100","west-virginia 2023",0,9,5.04394519694921,5.03561633230924,5.55176445023903,-7.74152622968173,8.75967768459135,0.522491357054811,1.56566596011276,9
"101","san-diego-state 2023",1,5,6.04974298207648,5.3286684714103,5.48773420479303,-6.99985728618421,11.0287666977322,0.564509219873684,1.66890021449384,9
"102","college-of-charleston 2023",0,12,6.86716535795491,2.82425274553304,5.55181714285714,-7.18291738453382,8.96864691508858,0.588026760317037,1.77920796089514,9
"103","virginia 2023",0,4,5.99884881129415,5.11912768197105,5.52010775862069,-6.07182674409119,12.6905771713074,0.405188691263322,1.79140328457545,7
"104","furman 2023",0,13,6.44548584344444,1.75358782010913,5.99577957980096,-6.86629142514691,9.21772342995169,0.550714672969027,1.87553704338298,9
"105","creighton 2023",0,6,5.80821534972444,5.54697879068609,5.82256252562526,-7.28902163233767,8.24060231660232,0.457585523100813,1.7096584924991,9
"106","north-carolina-state 2023",0,11,5.81584050300368,4.24577467142046,5.46266032271411,-5.42331456002302,11.669330945792,0.551000069404637,1.81853725872249,9
"107","baylor 2023",0,3,5.52611146676446,5.72807185701778,5.74748513946045,-7.86287543479741,8.74649973549639,0.553877727581567,1.68879973503073,8
"108","california-santa-barbara 2023",0,14,5.60337082923499,1.55509038320144,5.81802421098141,-7.35770341830632,8.72812157292809,0.435324299959661,1.70083192956857,8
"109","missouri 2023",0,7,5.02487083990032,3.66722467279957,5.8579746835443,-6.81444380358747,11.990679031751,0.477159593248952,1.81003731221442,10
"110","utah-state 2023",0,10,6.02692309113073,4.9408906209597,6.05534637964775,-7.52381370760336,7.78152474638795,0.480469690813047,1.74208017805031,8
"111","arizona 2023",0,2,6.34622159410939,6.31932727067908,5.94889234356782,-8.0142519208062,8.22239407120992,0.520682509447295,1.76946270750766,7
"112","princeton 2023",0,15,5.66822636177875,1.11512225556315,5.69424303797468,-7.61556901938183,7.55830980613589,0.473730090350608,1.59462659813621,9
"113","houston 2023",0,1,8.44230674757717,7.75945007232474,5.59658595641647,-6.29597232138461,14.668315629742,0.684896625808916,1.9879618545077,9
"114","northern-kentucky 2023",0,16,5.28433350959596,0.186810808482942,5.40656348138179,-7.3288622025116,12.0853260039701,0.559664848975584,1.64997117845707,9
"115","iowa 2023",0,8,5.33473664036443,4.78357834628888,5.55004178854994,-5.58720426613095,8.94735454095929,0.550146914367789,1.8295768891918,8
"116","auburn 2023",0,9,5.439867892597,5.30538983511104,5.44572026022305,-7.49365844051033,13.0601162989567,0.556729725453787,1.68343248311909,9
"117","miami-fl 2023",1,5,5.50970056278233,4.15720598527396,5.89061074918567,-7.01288064327694,9.46306464345233,0.46499956620067,1.82545760045346,8
"118","drake 2023",0,12,6.71531692223192,3.00871822130855,5.76298282362798,-6.66520027426292,7.35070466160756,0.441058364194898,1.7152630089612,8
"119","indiana 2023",0,4,5.47399617417031,5.41845590335851,5.73714803078316,-7.02823505751473,10.4971739130435,0.505571361305774,1.73557338048895,8
"120","kent-state 2023",0,13,6.34847513736099,2.76674301777908,5.54166452717159,-7.00639811451105,13.0283172597273,0.562889393404706,1.74314958991095,8
"121","iowa-state 2023",0,6,5.27882614034884,5.04783452565023,5.32439117929051,-8.43040082818982,12.0287526087655,0.555555925334086,1.48640736228637,9
"122","pittsburgh 2023",0,11,5.56111283701179,3.65779880238607,5.78580126849894,-6.97206251169809,9.03900903808909,0.518393144060972,1.75238964306932,8
"123","xavier 2023",0,3,5.72755711370636,5.61556845247148,5.87472197705207,-7.1240388724493,8.48369681801931,0.514407558118775,1.78648744920104,6
"124","kennesaw-state 2023",0,14,5.39778768292126,0.353786271423403,5.6101514531314,-7.48040633920586,10.0865523465704,0.428243580026291,1.5903652683233,9
"125","texas-am 2023",0,7,5.61520464329989,4.62123721110979,5.49181780366057,-7.62025725472391,9.20531626506024,0.630430606528625,1.58389318944525,10
"126","penn-state 2023",0,10,5.15710366757378,4.5461333014556,5.85567244224422,-6.09334668498757,6.39203433217889,0.332444426072543,1.68113643941985,9
"127","texas 2023",0,2,6.28595772734771,6.59777357624893,5.65826204238921,-6.91506517468152,10.8348289649045,0.50175103712669,1.72257073113493,9
"128","colgate 2023",0,15,6.30518824602255,1.21235693425967,6.05174990169092,-6.80213365331398,9.4996142570591,0.428837277982454,1.92571761603404,8
"129","alabama 2022",0,6,4.80697693365325,5.09871126371772,5.60143396226415,-8.34643795825843,10.6865623948873,0.592726079713014,1.68474995670334,8
"130","notre-dame 2022",0,11,5.30869778573296,3.50985610280956,5.73370075254537,-6.73835757235159,6.28132851758794,0.382325634012429,1.64723955714659,7
"131","gonzaga 2022",0,1,8.78966660593915,8.3861176899253,6.25298755186722,-7.1423631446777,11.0389324102751,0.478883220987429,2.10856804518127,8
"132","georgia-state 2022",0,16,5.77225411207957,0.702526562110389,5.06241863075196,-6.64719999020574,13.4324888528577,0.638148122996853,1.69710863743902,8
"133","boise-state 2022",0,NA,6.05674666152036,4.29580547325243,5.44878186968838,-7.54760945684379,9.46601926163724,0.51723970454124,1.59422094888881,7
"134","memphis 2022",0,NA,5.26991484167469,4.06360025499475,5.60993178717599,-9.87490436627115,13.9065011208829,0.664220811135463,1.63653557876339,10
"135","connecticut 2022",0,NA,6.38313959248892,5.68825848030131,5.35025706940874,-7.06936545925507,12.0288587390263,0.683363845610668,1.8006848736125,9
"136","new-mexico-state 2022",0,NA,5.66847395402143,1.9319695559896,5.54660098522167,-8.59754494388448,9.63010420058613,0.638783398413859,1.55694609611647,11
"137","arkansas 2022",0,NA,5.72778857142857,5.37586020408163,5.41790940766551,-7.31139914646444,10.9574422442244,0.484457142857143,1.64032408163265,7
"138","vermont 2022",0,NA,7.43424251082566,2.89847420902213,5.95573728813559,-6.54204895388564,7.74860205032619,0.380587737909821,1.85242010402538,10
"139","texas-tech 2022",0,NA,6.70162358640607,6.38506483086669,5.59747720364742,-8.72496289291496,12.1426378013204,0.541249851993154,1.65141967355922,10
"140","montana-state 2022",0,NA,5.84278255225214,0.436689837098936,5.88725967291584,-8.29364996601758,8.57471539844218,0.464207754851269,1.64338384232437,10
"141","michigan-state 2022",0,NA,4.83635331888364,4.51939751484443,5.55949723050703,-8.30683912520495,10.4524113701693,0.540859565265238,1.64206209539667,9
"142","davidson 2022",0,NA,6.46147516907116,3.93969369695726,6.01290878520387,-6.51987751732897,7.57635359116022,0.407328642913414,1.82522679213249,8
"143","duke 2022",1,NA,6.98792761375053,6.1753704779146,5.88608912792931,-6.35035285037117,11.1711053355756,0.537692065134354,2.03125265046509,8
"144","cal-state-fullerton 2022",0,NA,4.93898977134684,0.483960629023736,5.44286333012512,-7.51431773718048,8.59029850746269,0.481327883513033,1.55607273529204,8
"145","baylor 2022",0,1,6.61219210241646,6.80720354697419,5.48836027713626,-7.54394857768344,11.9542344045369,0.542620177295671,1.74302805534896,8
"146","norfolk-state 2022",0,NA,6.62957032226449,-0.356981290785351,5.7093619047619,-8.34337099087115,9.76539366515837,0.518968015249676,1.64900912378483,9
"147","north-carolina 2022",1,NA,5.66301651737468,5.16778395359104,5.7415057208238,-6.99258769509503,8.99023861171367,0.481661679395288,1.82502230794305,6
"148","marquette 2022",0,NA,4.82784650132715,4.11939396270793,5.6077669452182,-8.10183015095673,11.83250966549,0.344947271238508,1.60465947496552,9
"149","saint-marys-ca 2022",0,NA,6.20375807787904,5.04379453189727,5.607529296875,-7.50743515052554,8.87381938690969,0.400215410107705,1.61531731565866,8
"150","indiana 2022",0,NA,5.08416855425244,4.51106527763182,5.49459644322845,-7.23243681396032,10.9627371493433,0.431213413595282,1.56819584669658,9
"151","ucla 2022",0,NA,6.56279211894946,6.43538947920213,5.43903821382568,-5.77644112987551,10.1164567183463,0.558966252048931,1.82528094631458,9
"152","akron 2022",0,NA,5.89145456945178,0.374159423166573,5.68812159709619,-7.50061516515778,8.62572706935123,0.497781118822043,1.66390412038335,8
"153","texas 2022",0,NA,6.13736389841685,5.41175225669267,5.41940655908381,-7.43182226000367,10.8412886597938,0.538546305254854,1.59294804822612,9
"154","virginia-tech 2022",0,NA,6.01530878685639,4.79392694733754,5.78979377104377,-7.46495870409843,8.71736834384627,0.450481150066011,1.71666568871938,8
"155","purdue 2022",0,NA,6.37017937134412,6.23337707055951,6.0043002640513,-7.29424002735622,8.1087250293772,0.604779262596114,1.90166875254983,10
"156","yale 2022",0,NA,4.66641328333529,-0.0111946095336315,5.46325641025641,-7.8369557110588,8.63994434137291,0.412077870262431,1.46749747633445,9
"157","murray-state 2022",0,NA,0,0,NA,NA,0,0,0,9
"158","san-francisco 2022",0,NA,6.31017356080732,4.89622233001288,5.67533637873754,-7.52897597702326,10.8390667574932,0.496491360507287,1.71841954622988,8
"159","kentucky 2022",0,NA,7.08103612453359,7.14661922036544,5.64850169779287,-6.76441571911467,9.64620853080569,0.617565761293876,1.94427064554177,7
"160","saint-peters 2022",0,NA,5.25682865179269,0.529196872533958,5.28428800856531,-8.51720505942901,11.9152906870785,0.51826872748244,1.47798997790985,9
"161","arizona 2022",0,1,7.74756561407703,7.42386188348273,5.92993440233236,-7.65202499872658,11.2515736534718,0.654622848736101,1.99352506690109,8
"162","bryant 2022",0,NA,5.12205286947816,-0.835570802867512,5.4932528041415,-8.11301430365486,9.23401788671746,0.536881302894328,1.62046534208127,9
"163","seton-hall 2022",0,NA,5.53558330970799,4.43985670024358,5.2712114337568,-7.27205454506676,11.7533244459257,0.580594910233341,1.68905071324427,9
"164","texas-christian 2022",0,NA,4.94709785159792,4.35276103815726,5.23752868068834,-8.49344961308044,10.0976244712008,0.652646544912654,1.5319320556126,9
"165","houston 2022",0,NA,7.90261584207558,7.08788986355514,5.54733924611973,-6.9266418171704,14.4044850498339,0.742822850157917,1.94324146306801,8
"166","alabama-birmingham 2022",0,NA,7.06407565429862,3.41469412420379,5.60435608999224,-6.84556002594158,12.8433328194851,0.606558879982077,1.88046751299793,10
"167","illinois 2022",0,NA,5.86707705444376,5.64303281761326,5.59680356259278,-7.26871254243159,7.0214626391097,0.526682198892853,1.73696918280887,7
"168","chattanooga 2022",0,NA,6.53597723315694,2.49060985375066,5.7252281134402,-6.991543753002,9.2355097012627,0.564941405997517,1.85799809404816,9
"169","colorado-state 2022",0,NA,5.97273409669744,3.97232788774558,5.9193946290396,-6.61852377799477,9.76675554074321,0.392218162671852,1.7786526922665,10
"170","michigan 2022",0,NA,4.76926862636869,4.54560761421971,5.58878829446731,-7.39237474985913,7.42516225661508,0.542698045455386,1.65062761627929,9
"171","tennessee 2022",0,NA,6.34339806856772,6.73806305147227,5.37899905571294,-7.36900167176394,12.6370761628898,0.510342570481921,1.65543375839905,9
"172","longwood 2022",0,NA,6.56827111285813,0.336213153760825,5.62103448275862,-7.09590003514959,9.85363028226464,0.574076353581688,1.77309787450051,9
"173","ohio-state 2022",0,NA,5.26360923054083,4.74189509977837,5.82934845559846,-7.25063108368333,9.14595000939673,0.512542564682107,1.74764255513829,9
"174","loyola-il 2022",0,NA,6.78335320623591,4.71715857749686,5.94478068232167,-7.88569850884513,8.97272,0.440869985346593,1.71466114787662,10
"175","villanova 2022",1,NA,6.62534626332032,6.8310115950424,5.7466076173605,-6.2919689303131,8.72167511859971,0.502252294540043,1.8334974482917,7
"176","delaware 2022",0,NA,4.9878151139202,0.645634985633699,5.78994259942599,-7.97534930875309,9.90080449301761,0.49323236361343,1.70075584856216,8
"177","kansas 2022",1,1,6.2656126987502,6.74201768797617,5.71658673061551,-7.59759488024938,9.37882427307206,0.548521074257788,1.79344461773159,9
"178","texas-southern 2022",0,NA,4.72029814130743,-0.791947415642718,5.24582582582583,-8.91309073230719,10.2192491467577,0.591997559818884,1.41317842118736,10
"179","san-diego-state 2022",0,NA,5.8158496539497,4.83335642371315,5.31375462718139,-8.41495091142279,12.6686617830981,0.473772126551979,1.49228867783111,9
"180","creighton 2022",0,NA,5.0670413033124,4.32513028930674,5.62382978723404,-8.52287218293834,9.35303967965053,0.556633515781878,1.58361596836187,7
"181","iowa 2022",0,NA,6.69066750039811,6.31911485942921,5.67828417266187,-5.58756350957813,10.7924659561871,0.572576032357657,2.01364094855892,10
"182","richmond 2022",0,NA,4.8535179320647,2.79449198280627,5.50324989741485,-6.17758505571496,9.47261817649641,0.376396056121213,1.63511503505263,9
"183","providence 2022",0,NA,5.0723050550148,3.94907717206351,5.45211696471726,-7.24097256564123,8.42232635983264,0.506772401795481,1.59177623249755,8
"184","south-dakota-state 2022",0,NA,6.69195426355924,2.33241866170302,6.3339222614841,-6.78879167334048,7.58490196078431,0.411542232439248,1.97890895600484,9
"185","louisiana-state 2022",0,NA,6.22745927803742,5.92258320435638,5.39187857457105,-8.72381475064958,15.4171787035548,0.589416321695959,1.66663601880928,8
"186","iowa-state 2022",0,NA,4.78164586974741,3.88330254509999,5.32666342884896,-8.80783970862467,11.2118716408473,0.455373548666415,1.38165249831208,9
"187","wisconsin 2022",0,NA,5.44098297827296,5.39035121668341,5.36735603405108,-5.50399141337807,8.00412103211435,0.456267357806049,1.71134828035914,7
"188","colgate 2022",0,NA,6.06784604725613,0.642502329359486,5.8653601609658,-7.16347910610515,9.2694246242599,0.466637933917863,1.79831922975846,8
"189","southern-california 2022",0,NA,5.5474083559781,4.25792145997781,5.43523960216998,-7.26413369316477,8.63340994910524,0.578486951447672,1.67815784742066,8
"190","miami-fl 2022",0,NA,4.90039001805979,3.39623579343799,5.73638609715243,-6.31106418405132,11.2130230371415,0.389801802090232,1.81952451475785,8
"191","auburn 2022",0,NA,6.27523831590362,6.14870652642768,5.44263871241,-6.87633720690098,16.0951392321635,0.514954591709323,1.77535137757289,9
"192","jacksonville-state 2022",0,NA,5.73415791656141,0.611560326871839,5.8117463898917,-8.0701133114144,8.96702214930271,0.514361782495341,1.7009374210584,9
"193","gonzaga 2021",1,NA,9.2630858900093,9.17050704426804,6.44540730337079,-6.98761125899073,9.93727332313743,0.479462025316456,2.27982282056783,7
"194","norfolk-state 2021",0,16,5.5735979661324,-0.57556562761063,5.44887086712414,-7.43206232314734,9.59319809069212,0.428575146941655,1.5654454005523,10
"195","oklahoma 2021",0,NA,5.54504537649744,5.00082416706838,5.4669501054111,-6.79052515291564,10.842421875,0.483777424096952,1.76996190405998,7
"196","missouri 2021",0,NA,4.38219223046384,3.84033392318483,5.4297505800464,-8.431838063902,9.10539790911031,0.507880660511429,1.53432293911082,8
"197","creighton 2021",0,NA,6.13458880386973,5.80935940690331,5.8443007518797,-6.97560723941779,9.86079969389707,0.390002396166987,1.82180604816029,8
"198","california-santa-barbara 2021",0,NA,7.479575459585,2.74939478543117,5.87792411924119,-6.79750297792457,9.81170651277824,0.496949361036913,1.9226941028994,9
"199","virginia 2021",0,NA,6.26648419603328,6.30769070990255,6.00262182566918,-6.80404341969205,10.4431358885017,0.301906268174858,1.91345838625061,7
"200","ohio 2021",0,NA,6.2820097012473,3.28020767844429,5.97268468468469,-6.98743062746842,8.24656469408225,0.458067250171659,1.97748512896097,7
"201","southern-california 2021",0,NA,6.10664992676658,5.2697054680083,5.47954545454545,-7.56167184695999,9.57370051635112,0.59981112807421,1.69983293215799,9
"202","wichita-state 2021",0,NA,5.3767905792845,3.6034292747056,5.24252088078967,-6.55817935010005,9.02710809281268,0.470345444882661,1.63257782999077,7
"203","kansas 2021",0,NA,5.72332013758193,5.17355117139334,5.42948467058056,-7.58281236479185,11.0700852731044,0.480253098838341,1.62095114867934,7
"204","eastern-washington 2021",0,NA,6.14853158743645,1.3291680918515,5.89810079901659,-7.16278076808371,7.24831460674157,0.415926846042917,1.73041962427542,8
"205","oregon 2021",0,NA,5.63614416897094,4.45573877505214,5.67514765489288,-7.16453857620028,10.0426460859978,0.494969930679602,1.78456103904741,7
"206","virginia-commonwealth 2021",0,NA,5.80552829949869,4.6484956653951,5.57964809384164,-9.12856241987981,14.5522798907333,0.446225457132191,1.6520813313189,9
"207","iowa 2021",0,NA,6.72640196437533,7.40020481336875,5.75837137840211,-6.05933276323436,9.54675631473742,0.546246998685388,2.02930560439515,9
"208","grand-canyon 2021",0,NA,7.36706271792382,2.01849538773889,5.81086588541667,-8.03355095224877,7.86455078125,0.570409807123626,1.74664474555325,8
"209","michigan 2021",0,NA,6.83885690739641,7.91521941997019,5.90728750923873,-7.49248294719828,8.74506606691032,0.470746670221662,1.89856095403149,6
"210","texas-southern 2021",0,NA,5.43937346904516,-1.42790962784308,5.41323741007194,-8.75399969967363,10.9213965980304,0.555893735033043,1.57606278670609,8
"211","louisiana-state 2021",0,NA,5.71099202252312,5.25827528301106,5.77363901018923,-6.91283140996381,9.5692075015124,0.567318247807113,1.87944864347442,8
"212","st-bonaventure 2021",0,NA,6.84970185334408,5.79889873757722,5.47127739984883,-6.64909789281925,10.4557883427344,0.550894439967768,1.80229922105829,6
"213","colorado 2021",0,NA,6.74541739322316,5.64029186417113,5.71632061805891,-6.86892724532582,7.81851917299876,0.517338302122513,1.77057849796509,9
"214","georgetown 2021",0,NA,4.36609566351667,4.06727977402614,5.41202651515151,-8.93915283002231,8.89465997261524,0.476846407222154,1.50319356988016,6
"215","florida-state 2021",0,NA,5.91684548379096,5.96964575921696,5.73319365079365,-8.48735173301177,11.7657409682969,0.637480777560185,1.79997264249779,9
"216","north-carolina-greensboro 2021",0,NA,5.70246782160657,2.0368015500137,5.12033215903372,-6.18391943197494,11.2137358490566,0.5459065928123,1.68680581972977,9
"217","brigham-young 2021",0,NA,6.41528714536189,4.77662028729916,5.8661119515885,-8.11834858466375,6.93363902439024,0.508683263439592,1.70721741738355,10
"218","michigan-state 2021",0,NA,3.73886118563389,3.67872163848622,5.21220338983051,-8.01129511701965,8.95757453666398,0.498801735266912,1.42437648285149,10
"219","texas 2021",0,NA,5.75552556229765,5.62681659868885,5.68673938002296,-8.76907154824103,9.68312282229965,0.547665934669806,1.69509789435834,7
"220","abilene-christian 2021",0,NA,7.84405453010718,2.14270169688635,5.57934609250399,-8.25118971941941,12.3181260229133,0.564126492913071,1.74148689491995,10
"221","connecticut 2021",0,NA,5.84132149854879,5.5187226321875,5.28428378378378,-7.0903726325822,11.3023798076923,0.573012006409706,1.7090055424534,9
"222","maryland 2021",0,NA,5.29097974545294,5.6444300241559,5.68734551316497,-7.35790428925757,8.59818216246923,0.347286136680065,1.64771444876834,7
"223","alabama 2021",0,NA,6.13347751079983,6.3603113309503,5.47831429876656,-8.03038363154595,10.8215760186681,0.498878177861848,1.63692056679298,9
"224","iona 2021",0,NA,5.71983258097033,0.457227067537362,5.60030109489051,-9.30124918375537,10.8603887399464,0.552763290528992,1.58002344742955,7
"225","baylor 2021",1,NA,8.15687907574346,7.6740638993458,5.97769475357711,-7.53366101351841,11.9726444444444,0.668649242773185,2.07726652028911,8
"226","hartford 2021",0,NA,4.62003650624565,-0.611058624402009,5.4268290960452,-8.60382104330898,8.77212008377938,0.435339316364395,1.43195117828502,8
"227","north-carolina 2021",0,NA,5.3845647235364,5.20903065796878,5.25162674650699,-8.41003814935229,11.2635300773147,0.747519434776266,1.67407869781789,9
"228","wisconsin 2021",0,NA,5.29405510484435,6.02820883336357,5.35256172839506,-5.80178582778968,9.55691171297925,0.378840815427283,1.62830233793836,8
"229","villanova 2021",0,NA,6.07265800865801,5.85197691197691,5.69110410094637,-5.50914628750993,6.76427128427128,0.488747474747475,1.76980663780664,6
"230","winthrop 2021",0,NA,6.87788813187065,1.64124353747731,5.60578804347826,-8.50697347464464,9.15764256942972,0.619844874906509,1.70809823034485,11
"231","purdue 2021",0,NA,5.33265739497958,5.55730066824685,5.51125538793103,-7.60654945473212,9.27576804915515,0.569852303880972,1.63840202258903,9
"232","north-texas 2021",0,NA,6.09328151753593,2.69852055637854,5.75572239747634,-8.77675233858249,9.07935275080906,0.440018084226322,1.6029946709248,7
"233","texas-tech 2021",0,NA,6.57198783708021,5.72915858872469,5.41573967889908,-6.71848868078166,11.6767210336793,0.617103271406011,1.79525853694027,8
"234","utah-state 2021",0,NA,6.73730727271821,4.11784588127266,5.40548607461902,-7.58096444732215,11.1147464542452,0.584206906915384,1.712116484042,8
"235","arkansas 2021",0,NA,6.39186887474836,5.51042089639969,5.51734977578475,-7.40160734170859,11.698022181146,0.570633329467902,1.78442309662781,9
"236","colgate 2021",0,NA,8.27755604395604,6.11652747252747,5.99540918163673,-5.70536362257959,9.04303296703297,0.441349450549451,2.15378461538462,6
"237","florida 2021",0,NA,5.42827176952458,5.37459942310576,5.74795765027322,-8.69185970435027,12.8784088002047,0.495292525367763,1.71819162180202,7
"238","virginia-tech 2021",0,NA,5.81914765275898,5.18484069131297,5.64823082763857,-7.40054565717042,9.33820408163265,0.440184682237914,1.70434159311688,7
"239","ohio-state 2021",0,NA,5.70024501446981,6.33859379662758,5.78380410022779,-6.4876050593272,7.84855214069995,0.496025707739977,1.82865650746651,9
"240","oral-roberts 2021",0,NA,5.55805236564079,0.378394552245771,5.91634903640257,-6.79292917659552,8.59984639016897,0.361184385105421,1.77509312314362,7
"241","illinois 2021",0,NA,6.90695570454898,7.72119618580241,5.9029019434629,-7.86744478872869,7.42529798968155,0.568268385301329,1.84128781803322,8
"242","drexel 2021",0,NA,5.42337576429436,0.642347936582568,5.81970173985087,-7.95749740904367,6.71178410794603,0.459341262876726,1.68076290611213,7
"243","loyola-il 2021",0,NA,8.21187542800789,5.64970654383218,6.02378454596729,-7.87216958675423,9.60542743538767,0.473193394364847,1.86650291613881,8
"244","georgia-tech 2021",0,NA,4.89844962349167,4.51934854352069,5.71174820143885,-7.48029651762756,10.3789473684211,0.256747315398527,1.62309523566254,6
"245","tennessee 2021",0,NA,6.38927176629779,6.03048494623582,5.51617527568195,-7.84512917104862,11.781236673774,0.498056648416556,1.71185287300081,7
"246","oregon-state 2021",0,NA,4.71503637536678,2.7565034719432,5.44955601445534,-7.26635671737817,9.26465944556637,0.556262609172954,1.62869677421342,9
"247","oklahoma-state 2021",0,NA,4.93220532799326,4.64321843081092,5.60183037853378,-9.23735612728597,10.4767737252767,0.51412100187286,1.59462151399573,9
"248","liberty 2021",0,NA,7.92245496997999,2.26755837224816,6.10647819063005,-6.78782109899425,6.88574879227053,0.413106070713809,1.90179186124083,8
"249","san-diego-state 2021",0,NA,7.15634941110596,4.73125400447708,5.64872907949791,-7.23618216799728,11.2413084464555,0.497680642937803,1.75256238058694,10
"250","syracuse 2021",0,NA,5.40050835435057,4.90025417717528,5.50599538372764,-6.818613774431,13.0342508324084,0.48609059741488,1.87081159363178,6
"251","west-virginia 2021",0,NA,5.36623940069398,5.35307427748543,5.31193904361534,-7.29634190881,9.18101851851852,0.578228048808512,1.7113218588904,8
"252","morehead-state 2021",0,NA,5.43162778409099,0.366019115786061,5.54611691022965,-9.7076195311177,9.92373276016479,0.571064338265649,1.53998138560176,8
"253","clemson 2021",0,NA,4.98008583882285,4.57561727993819,5.45844544095665,-8.58590751244536,9.33296465496514,0.403064029967444,1.45939615675335,9
"254","rutgers 2021",0,NA,4.51275845383592,4.98181290317269,5.31104866743917,-7.10013043105251,12.5662006079027,0.455973342796855,1.6307720283729,8
"255","houston 2021",1,NA,8.71980545122868,7.17286208992074,5.5297031840259,-6.93460077408098,13.4217134717135,0.69948487131817,1.96998629586022,9
"256","cleveland-state 2021",0,NA,4.32126549483491,-0.529766862396998,5.36276123759486,-7.85452090192916,9.30082912032356,0.513973172135466,1.55514278982666,9
"257","duke 2019",0,NA,7.21796250683468,9.50909401800792,5.66927010148322,-7.60235936667022,13.4307654157712,0.592486263845711,2.00163285961505,8
"258","north-dakota-state 2019",0,NA,4.18958172200593,-1.09942171466515,5.87855723542117,-7.03663723334936,6.86005634684614,0.356377393749612,1.6187504909722,10
"259","virginia-commonwealth 2019",0,NA,6.21812080024147,4.66372247979516,5.39549486461251,-8.56088177828302,11.9831207065751,0.53158774927288,1.54038075837817,10
"260","central-florida 2019",0,NA,5.77186660530756,4.54093388556527,5.58256669733211,-7.54022681102107,10.2232326530612,0.477736462647645,1.63668955361252,9
"261","mississippi-state 2019",0,NA,5.74360085299394,6.38079748163694,5.7767119684349,-8.18109311278639,12.9760966415353,0.667851944623092,1.87642656466845,7
"262","liberty 2019",0,NA,7.05525113224781,2.21089942357474,6.04369958847737,-7.48053315153835,9.10443675740713,0.423873238738158,1.80557793552657,9
"263","virginia-tech 2019",0,NA,6.90108523027423,7.38138963992439,5.97153083225528,-7.72838430961965,9.64533564450047,0.508143051646707,1.83496493301055,8
"264","saint-louis 2019",0,NA,4.76430139615613,2.28649556471741,4.97132572431958,-7.86974760825217,11.3430530973451,0.615685577203167,1.49609502346669,8
"265","maryland 2019",0,NA,5.57772741410413,6.19449685860617,5.6265170556553,-8.16785519797679,9.44319286871961,0.583357973749145,1.67932802164762,8
"266","belmont 2019",0,NA,7.01509553455524,3.45556521193611,6.12848270440252,-6.86136109226126,9.36689413823272,0.447493837294034,2.02650010068276,8
"267","louisiana-state 2019",0,NA,5.87907601614003,6.1458882798192,5.64675019888624,-7.6219577511416,12.6008236971329,0.698594980278069,1.88028830767211,8
"268","yale 2019",0,NA,6.09464849599639,2.85652236346355,6.02762656758012,-7.71101452085518,9.88896672504378,0.449610716410358,1.89883686740562,7
"269","louisville 2019",0,NA,5.41462746993178,6.5112224689715,5.58399494310999,-7.7026967218485,7.00945904645477,0.478728257662905,1.55128784695405,9
"270","minnesota 2019",0,NA,4.4285428132363,4.72309391967534,5.30893741557857,-7.15124672619047,8.43635479163289,0.503449278213209,1.55607388142311,8
"271","michigan-state 2019",1,NA,7.32501757216493,9.67456966508256,5.97679088119246,-7.87181997994729,10.8499652898299,0.635202907712386,1.95041665792239,7
"272","bradley 2019",0,NA,4.53134254864594,0.177114159820873,5.43589394650399,-8.16331608874474,9.10851332177203,0.48737096992243,1.44014239909668,9
"273","gonzaga 2019",0,NA,9.08041238697189,9.52888565133509,6.3284584548105,-6.46944173849759,11.8294609208586,0.53273080266441,2.25672015885066,8
"274","fairleigh-dickinson 2019",0,NA,5.18733070481791,-1.31125950303022,5.86002464065708,-8.01745444576957,10.7119273179065,0.497141529977663,1.73886056852237,7
"275","syracuse 2019",0,NA,4.79838633586364,5.17273780539275,5.34083928571429,-7.72366525699292,14.0401688411358,0.499512991114262,1.55038322479705,9
"276","baylor 2019",0,NA,4.64253105889763,3.93635691227207,5.27613202933985,-8.51119295358304,9.66948661095003,0.653575314720824,1.50640540074069,9
"277","marquette 2019",0,NA,5.84694752498713,5.50090604730733,5.80796259450856,-8.44941378357698,8.46511699507389,0.487351160072898,1.62430312540011,9
"278","murray-state 2019",0,NA,7.25693165994582,3.18294194453833,5.95448586644818,-7.61840871095352,10.8748754937318,0.546370173823629,1.92925932723491,9
"279","florida-state 2019",0,NA,5.42554034592398,6.22925389684065,5.52081048387097,-8.1527004253681,10.9354356116163,0.570830753993603,1.56641101446172,11
"280","vermont 2019",0,NA,6.50452482184973,1.98961255381583,5.70797452229299,-7.34706661659237,9.8524646244752,0.515036485349077,1.7329874345851,10
"281","buffalo 2019",0,NA,6.88613548194569,5.29647866308565,5.67583720099964,-6.84817888755054,9.98386806596702,0.549753804834378,1.82231572664876,9
"282","arizona-state 2019",0,NA,4.97105213013962,3.70106341046483,5.47161477791615,-7.73884246383522,8.9928231184503,0.52948681239047,1.55435997498248,8
"283","texas-tech 2019",1,NA,7.40743145218642,8.16729722753396,5.84467677218012,-7.75555033045468,12.5783814839133,0.500714319578994,1.76818638683882,8
"284","northern-kentucky 2019",0,NA,6.360385966161,2.18786827026997,5.80054865839007,-7.55476948216588,10.4185822544995,0.519841462797889,1.8092031182979,8
"285","nevada 2019",0,NA,7.05553638446723,5.85386977489514,5.83746348962337,-6.4186742983116,9.69688613477924,0.457949990864869,1.84223492893629,8
"286","florida 2019",0,NA,5.36347143241228,5.98078699734692,5.42346452866861,-7.41977772436947,11.0870518906531,0.534311207381968,1.60975617489055,8
"287","michigan 2019",0,NA,7.05830003389327,8.79581450675369,5.55896276595745,-5.83426149357748,10.0678296401069,0.36790237559883,1.80227880610104,7
"288","montana 2019",0,NA,5.74274829871617,0.843968862596577,5.91774308652988,-7.67875082467486,8.92172963895886,0.362829158369585,1.70539397906636,7
"289","north-carolina 2019",0,NA,6.57660300333375,8.37704346150366,5.64481165048544,-7.36978019830581,8.9427733065057,0.57993850574703,1.80638853541436,8
"290","iona 2019",0,NA,4.4099167326015,-1.21056751147076,5.75415662650602,-7.59908692437193,8.8433164983165,0.440177017538239,1.64158054989105,8
"291","utah-state 2019",0,NA,6.95073511886749,5.1221142989521,5.90003330557868,-7.41321036999939,10.220277324633,0.557062884667962,1.84713042135295,8
"292","washington 2019",0,NA,5.21795539589882,4.27434515791049,5.56620346320346,-8.67790745050155,14.5338326524436,0.499651249812902,1.61434066756474,8
"293","auburn 2019",1,NA,6.4484648896894,6.98732944917833,5.730058758722,-7.37483032219321,14.52,0.595662341474685,1.87994511630294,10
"294","new-mexico-state 2019",0,NA,7.06150759494953,3.96294377747669,5.64986739469579,-7.54401421950164,8.22972284644195,0.725803937658283,1.80532180854722,13
"295","kansas 2019",0,NA,4.84399241286263,5.99360084104378,5.43420411985019,-8.07139865292845,10.278912601626,0.546195728660943,1.54708861308676,9
"296","northeastern 2019",0,NA,5.2518708564653,1.89652161815002,6.08147501015847,-7.39901932671495,7.88780487804878,0.391054551529544,1.75648274617973,10
"297","iowa-state 2019",0,NA,6.10560065018432,6.86710429072527,5.85213294068153,-6.89856660022118,10.8905209363666,0.478499820261547,1.92544859815171,7
"298","ohio-state 2019",0,NA,4.62880222121692,5.32089726060282,5.45940057088487,-8.05338144930091,8.03502843216897,0.468154265976661,1.4781741414998,8
"299","houston 2019",0,NA,7.21229556005708,6.60586068612969,5.5506154465004,-7.11859692223506,11.3621819814427,0.627563393156542,1.78797558432129,10
"300","georgia-state 2019",0,NA,5.00812445340654,1.43861307327226,5.74457845905607,-7.16325566623258,12.3491767629699,0.395389988912283,1.71802705302033,8
"301","wofford 2019",0,NA,7.94030045629275,5.19901713553695,6.06717505634861,-6.89427405517438,9.48926897844424,0.622402683130834,2.02996135887301,10
"302","seton-hall 2019",0,NA,4.45080678056696,4.0635935781884,5.40215179316097,-7.5682722582053,10.4161602418745,0.513983520807924,1.54880536049365,10
"303","kentucky 2019",0,NA,6.76947544867354,8.00800572156538,5.7635525764558,-7.78975774800878,11.265222257755,0.680108620342847,1.88064591109224,8
"304","abilene-christian 2019",0,NA,6.39175542406312,-0.194990138067061,5.64960224089636,-7.67587558500392,10.0569230769231,0.438033530571992,1.65960355029586,7
"305","virginia 2019",1,NA,8.29553094647624,10.3281566740185,5.89586856617647,-6.17863444152788,10.6175490196078,0.520391032184134,1.99644086781172,8
"306","gardner-webb 2019",0,NA,5.53084474986934,-0.809498757506988,5.9320145631068,-7.44525908866867,8.84004002463054,0.352310102541949,1.74634180815554,8
"307","mississippi 2019",0,NA,5.24745981312318,4.79438167603838,5.72466608846487,-7.89840009059293,10.2598146040007,0.47549823365873,1.6761754008236,8
"308","oklahoma 2019",0,NA,4.54274247372431,5.00096191974052,5.30696339810212,-7.57106884992073,8.26149834044571,0.423879490481049,1.47071740767308,9
"309","wisconsin 2019",0,NA,5.84826661889655,6.94764240984835,5.38338086476541,-6.14631249496325,9.12792652552926,0.403563631530589,1.61310733059426,8
"310","oregon 2019",0,NA,5.49210351347075,4.4770315314538,5.44792933810376,-7.75085893827538,12.462730571515,0.502043188833859,1.59059392643215,9
"311","kansas-state 2019",0,NA,5.31970927305273,5.64460675371854,5.20360964138742,-7.5118239081553,10.5715817190145,0.389792449195121,1.42003154845392,7
"312","california-irvine 2019",0,NA,6.41548407294357,2.79513709530145,5.52491495076097,-7.3543380184123,10.0237743892441,0.576736844851426,1.75942161696799,9
"313","villanova 2019",0,NA,6.02057760643963,5.95053490805237,5.80139030612245,-6.77580285483855,8.6035585514971,0.549606618721311,1.78224849895846,7
"314","saint-marys-ca 2019",0,NA,6.19062438122178,5.22915193385193,5.7444848750548,-6.86414884613575,8.44022951864839,0.547019909699179,1.81754958385465,8
"315","purdue 2019",0,NA,6.09320887528692,7.63019637847488,5.64364583333333,-6.80372481967129,11.1082618862042,0.636297373119102,1.82280540678398,10
"316","old-dominion 2019",0,NA,5.43659744361644,1.94120800110701,5.06169294990723,-7.6582163533614,11.0268477086869,0.583329188869202,1.52108152304217,9
"317","cincinnati 2019",0,NA,6.19680781876124,5.24195865863642,5.31038461538462,-6.22547473968972,11.2251816354923,0.627697448842543,1.71084389571195,9
"318","iowa 2019",0,NA,4.97898409590672,5.04108934881127,5.69027822580645,-7.45366377033841,8.90587053916268,0.521997277480281,1.7015869757384,9
"319","tennessee 2019",0,NA,6.88290975293967,7.87566206070676,5.94367910447761,-6.89976869887344,11.3294343093669,0.54182266096924,1.95466789806497,8
"320","colgate 2019",0,NA,5.36873507926254,0.63902400238533,5.86205800556218,-8.29960996917978,9.56535793357934,0.513822143815534,1.73754430253938,8
"321","villanova 2018",1,1,7.62270561937459,9.08008289341279,6.28859709744299,-6.12575946589263,9.91584188292094,0.485823892033063,2.09919870158997,8
"322","radford 2018",0,16,4.77524208094219,-0.433348560733026,5.3416213768116,-7.73243626104733,9.49980808975494,0.581350982306132,1.52409372209949,10
"323","virginia-tech 2018",0,8,5.61288773592397,5.3888051171107,6.05258213984836,-7.73374037036473,7.51929068611203,0.414051479134731,1.73099418357009,8
"324","alabama 2018",0,9,4.55158024398957,4.70773485815433,5.53145508224378,-8.78171455285239,11.6204548923828,0.534941943268518,1.53555672298295,10
"325","west-virginia 2018",0,5,6.21886646111536,6.7213576244435,5.43998848368522,-6.53668525952618,13.2943966840651,0.607315895596273,1.78134450588736,10
"326","murray-state 2018",0,12,7.08832405051816,3.19319115422316,5.94683900798655,-7.64932874336895,9.5528188923998,0.578426095381634,1.86479882826886,8
"327","wichita-state 2018",0,4,6.38445484982037,6.0243499134042,5.89337401574803,-7.06103421011202,8.50709573612228,0.592123945853876,1.85370808626529,10
"328","marshall 2018",0,13,5.18423008692452,1.76040313247432,5.94436645733284,-7.80212692990007,11.0092964824121,0.37231463275737,1.70323054823327,8
"329","florida 2018",0,6,5.32693122552028,5.75279234282101,5.44161581435324,-6.0438178270413,10.7129718490083,0.477840416178313,1.70406836100428,9
"330","st-bonaventure 2018",0,11,5.32913252430445,2.8065530569061,5.61085590891245,-7.02167918046873,10.0461210069189,0.504334879065251,1.63876867771498,9
"331","texas-tech 2018",0,3,6.46073240582994,7.12523389354304,5.67768911055694,-7.46899914853693,11.5566619696258,0.587635957118254,1.73367840059714,10
"332","stephen-f-austin 2018",0,14,6.70075353229348,1.36751771024374,5.7940705251054,-8.85030309877126,12.0007286821705,0.593217836884842,1.71833482027251,9
"333","arkansas 2018",0,7,5.17315301114929,5.49046057816588,5.72967271293375,-6.38943419697663,10.8540701415701,0.483554427666215,1.77807950569024,9
"334","butler 2018",0,10,5.31975265579916,6.04890697006817,5.79913008457511,-6.97302918955183,9.23296994237658,0.426149247445936,1.71460224968989,8
"335","purdue 2018",0,2,7.01132783822398,8.76690338642087,6.05461088618983,-7.00052294797471,9.73954715696289,0.410176885180885,1.82804069247935,8
"336","cal-state-fullerton 2018",0,15,4.78370389335938,0.480609498428713,5.7939375,-9.16291165682802,9.02634782608696,0.421506731227689,1.53822185961584,8
"337","xavier 2018",0,1,6.02197226283111,6.8325907990768,6.02217774513404,-7.5930410896361,8.1277616943471,0.52850213110857,1.83609426856273,9
"338","texas-southern 2018",0,16,3.66315507105213,-1.73795345870661,5.58244565217391,-7.51189315998656,8.39450697883836,0.442034920717148,1.53658039926686,9
"339","missouri 2018",0,8,4.9747838810456,4.86780361450548,5.73536920435031,-9.11390199172071,9.4918237704918,0.545411673982679,1.53051436179328,7
"340","florida-state 2018",0,9,5.49439133347105,5.20083812230403,5.69592622618565,-7.56155360485349,10.8391594722267,0.623121219933328,1.76029922264719,10
"341","ohio-state 2018",0,5,6.08865493110124,6.70122200531086,5.78285530821918,-7.72160710792255,10.0249919432807,0.52454959322013,1.76855692549287,9
"342","south-dakota-state 2018",0,12,6.1504023682894,2.51851289064743,5.9568902223791,-6.28394161515163,6.58083797245825,0.435258878710079,1.79660854972118,9
"343","gonzaga 2018",0,4,7.68496822316094,6.9670415191993,6.07432284040996,-6.99123341669916,9.32162162162162,0.576472770864254,2.00841581991856,8
"344","north-carolina-greensboro 2018",0,13,6.27348127506784,2.1285023364999,5.51686649659864,-8.58364847447,12.163481595092,0.610926410272584,1.61171798695435,9
"345","houston 2018",0,6,6.87901335323324,6.08373295900902,5.71371225577265,-7.65387340509663,9.37247994419254,0.590887746048523,1.78437725151186,8
"346","san-diego-state 2018",0,11,5.96893788218083,4.44651047947265,5.61124792013311,-7.19846524848931,9.12366957903098,0.566504355384507,1.68290424472208,10
"347","michigan 2018",1,3,6.5894562585275,7.05808616479012,5.72390053431977,-5.79770507081698,9.14504816375677,0.449979745356277,1.80650391764556,9
"348","montana 2018",0,14,5.97189232233527,2.55876009146307,5.58570859872611,-7.39404692801681,10.3678478692531,0.579961814548392,1.69755791333761,8
"349","texas-am 2018",0,7,5.20906967583348,6.01002688415136,5.50215189873418,-7.65763683170107,10.9834742647059,0.667118257731425,1.68761174582005,8
"350","providence 2018",0,10,4.07672087484939,3.97770419832666,5.37215798045603,-7.70217655962541,9.75587979094077,0.475198427328215,1.49676655791737,10
"351","north-carolina 2018",0,2,6.02581227535165,7.83649534821282,5.60671792948237,-6.65956776911041,9.11902927580894,0.671146758687607,1.85357431757544,9
"352","lipscomb 2018",0,15,4.95629135287422,-0.312415314493713,5.65626066718386,-8.64183728288135,8.24606459705237,0.502551734198406,1.50791757260849,10
"353","kansas 2018",1,1,6.21060650264825,7.7921683326317,5.99080731150038,-7.17573508419568,10.3391437778119,0.490645222873814,1.89788512183899,7
"354","pennsylvania 2018",0,16,5.61186042433807,1.32956338769069,5.60636104513064,-7.61685977573685,7.88681574239714,0.374797475013151,1.57692617920393,7
"355","seton-hall 2018",0,8,5.37844818025973,5.85529085504103,5.60621565362198,-7.3156408375352,9.20340757978724,0.620617647542368,1.75365710177722,8
"356","north-carolina-state 2018",0,9,5.17495197094524,4.59850073430958,5.65889509373753,-7.54505111889867,10.083209486166,0.538279917011902,1.71567189378258,9
"357","clemson 2018",0,5,5.40772535313008,5.92157571871347,5.6701771756123,-8.00682784575437,10.924358974359,0.450875098115932,1.60762499644191,7
"358","new-mexico-state 2018",0,12,6.70433873750869,3.77127743408381,5.41925398155909,-7.72909312596325,8.62067315361302,0.656022267397277,1.66243187049638,9
"359","auburn 2018",0,4,5.90885599336967,5.40596894501984,5.66149855907781,-7.24604871707165,9.99531870789428,0.553489815744842,1.74193086452279,8
"360","college-of-charleston 2018",0,13,5.61152458611317,1.51796586271576,5.75169585647159,-6.12912832504365,8.72351804123711,0.434884229667022,1.82626467471319,7
"361","texas-christian 2018",0,6,5.29785953497029,6.00566180330628,5.93972562262558,-7.83741487330776,9.53312186978297,0.618060295638082,1.80947049231502,8
"362","syracuse 2018",0,11,4.78340612208246,4.14962223791448,5.26570410729254,-7.96892474393372,13.3505428061014,0.605566128159094,1.54477487800058,7
"363","michigan-state 2018",0,3,7.5819388967718,8.48142750510285,6.1915838150289,-8.44687852998019,11.1837068160598,0.649982190257601,1.97304154774071,10
"364","bucknell 2018",0,14,5.65925471642742,1.84553062792366,5.83150936037442,-7.36902786596939,9.10078013055246,0.457509299222177,1.65172908972335,9
"365","rhode-island 2018",0,7,5.67667495184412,4.39016140573357,5.47533418475947,-6.51724422841397,10.0079718264767,0.537340483302459,1.6875122043773,9
"366","oklahoma 2018",0,10,4.65789698153552,4.90865702572148,5.79030220844634,-7.64508411302938,9.70647672685108,0.481405216259661,1.68170672726199,10
"367","duke 2018",0,2,7.39206779527695,9.00342743449346,5.9178517682468,-7.4137359131899,11.5555266579974,0.739492767406247,2.1054403978298,8
"368","iona 2018",0,15,4.80539715335996,0.921580500089041,5.72875198098257,-6.92906730000986,8.66310483870968,0.398774888867808,1.66653607125306,8
"369","virginia 2018",0,1,7.21728121516165,8.94110576923077,5.56553121577218,-6.07807295997901,11.3667427969079,0.418452132107023,1.746565287068,7
"370","maryland-baltimore-county 2018",0,16,5.0628444513075,-0.568676097809543,5.57954388984509,-7.40944383563362,9.45683103015075,0.422066252424791,1.58763468902145,9
"371","creighton 2018",0,8,5.55370693453168,5.59407247963949,5.95568654646324,-7.11675716052403,6.62469066366704,0.305149226489433,1.69097982201075,7
"372","kansas-state 2018",0,9,5.22919842020615,5.3519201609231,5.79622818791946,-7.49370535303428,10.8071582435791,0.432027460876951,1.73029481998108,8
"373","kentucky 2018",0,5,5.26085627506717,6.13909505081578,5.61208333333333,-7.83312022965522,10.2039944691965,0.569137397297613,1.65544614695689,8
"374","davidson 2018",0,12,6.31251485907842,4.90892982680386,6.14982713915298,-6.62134834538823,6.95974821931423,0.392260284186532,1.86531901749004,7
"375","arizona 2018",0,4,6.09922351657631,6.0359380571524,6.06827948910594,-7.77030296306729,9.32831686133573,0.613201640637325,1.84922861201685,10
"376","buffalo 2018",0,13,5.75850071903347,2.88357031650621,5.75967153284672,-7.35328517392509,9.25104788129111,0.530356587520228,1.75610993152503,9
"377","miami-fl 2018",0,6,5.2422923340208,4.73287112203256,5.62719298245614,-7.10193032637692,9.90146341463415,0.505299925402606,1.64207512396332,8
"378","loyola-il 2018",1,11,6.38805933553047,4.08692972907337,6.09431140350877,-8.39849361044593,8.94170459896405,0.34323162877869,1.70951028739472,9
"379","tennessee 2018",0,3,5.80540326913781,6.89852953388985,5.5420874837592,-7.47043527067543,11.0052606255012,0.597157841764304,1.66773286165609,9
"380","wright-state 2018",0,14,5.22110147126924,0.644901887487237,5.36443263918402,-7.98391061248201,7.9788496652465,0.488511155869734,1.4468750732287,8
"381","nevada 2018",0,7,6.30346342678298,5.53641479671806,5.78597269624573,-6.4136501909202,9.85389957264957,0.520801905043779,1.8973726709178,6
"382","texas 2018",0,10,4.70677176307063,5.42758650193506,5.23740647118301,-7.43637956731661,11.0626244976411,0.571032335398008,1.58779247271556,7
"383","cincinnati 2018",0,2,7.95143247722737,7.6477184210594,5.53358110882957,-6.91338810128825,12.898947047154,0.646907109154011,1.84784022188008,10
"384","georgia-state 2018",0,15,5.8257738820195,1.91085675995056,5.69240577385726,-7.02087206353467,12.5515010507355,0.429734727234037,1.71699592967714,8
"385","villanova 2017",0,1,7.61586382123109,9.09125851117306,6.19370683321088,-7.26701443810744,10.4793948126801,0.546155280354613,2.0118093954211,7
"386","mount-st-marys 2017",0,16,3.83262725346206,-0.764471852002085,5.37122791900043,-8.5116338605565,9.36213792089399,0.380203343478234,1.38190416053727,8
"387","wisconsin 2017",0,8,6.43959752975418,7.764603671099,5.53415316045381,-7.02329499312802,10.4884984497269,0.584716640815786,1.82219034313614,8
"388","virginia-tech 2017",0,9,4.88440795974797,4.73569874439055,6.04631227932523,-7.92971693702022,6.24565813528336,0.400847196409954,1.68595811613254,8
"389","virginia 2017",0,5,6.41445187511323,7.97819407064973,5.53881170018282,-6.72131227342372,11.0770732423308,0.469338281265204,1.69252976584485,10
"390","north-carolina-wilmington 2017",0,12,6.07901178012273,3.13666621700864,5.86186440677966,-6.08753383752516,8.67449900566009,0.547060117443336,1.9196421364446,8
"391","florida 2017",0,4,6.34151736311922,7.77049740371579,5.53772014925373,-7.3838768862158,11.2055499784885,0.563237072387066,1.74409144124743,9
"392","east-tennessee-state 2017",0,13,6.05073314914704,2.96452396614481,5.88957870547683,-8.70979856887595,12.4680174095753,0.549547998070429,1.76097544182783,9
"393","southern-methodist 2017",0,6,7.8683134376549,7.97796059064016,5.82474673202614,-6.64205710967667,10.1971885678782,0.666104994611113,2.01942100165077,6
"394","southern-california 2017",0,11,5.15469580656053,4.41134115638223,5.60929675994109,-6.85203543819649,11.1141207045914,0.558868003540753,1.83564302886443,8
"395","baylor 2017",0,3,6.05982901198859,7.30015122588807,5.61418585526316,-8.37490777048457,10.0703906481207,0.714154765390123,1.73543453820832,9
"396","new-mexico-state 2017",0,14,6.47222963011409,2.30085082376348,5.72160924199433,-8.33156419295469,8.21596477181745,0.635041198426555,1.73436709184338,9
"397","south-carolina 2017",1,7,5.86258052222845,6.75627532698592,5.26198232808298,-7.58703624779177,11.0955164016617,0.586986215061389,1.58599687307699,9
"398","marquette 2017",0,10,5.40366327244038,5.65015995511988,6.13021696252465,-7.3190484150151,9.84951129626663,0.455309227849994,1.84332958347354,9
"399","duke 2017",0,2,6.60397896125378,7.87692579213723,5.89441544511977,-6.63706577886415,9.1936915541042,0.53407102515586,1.95031864594622,7
"400","troy 2017",0,15,5.11346123681654,0.315493567758021,5.67281261459479,-8.02863759718433,8.98310829817159,0.508658418101581,1.6840867855178,9
"401","gonzaga 2017",1,1,8.40363125279006,9.03724008218054,6.04159705980621,-7.24490733769911,10.1606873887444,0.496715486554322,1.96522002076384,8
"402","south-dakota-state 2017",0,16,3.81509320216613,-0.416349211074687,5.87651354534747,-8.1117186266293,7.48292646398083,0.45872568945639,1.57901983392585,10
"403","northwestern 2017",0,8,5.30933559132724,5.34841619580124,5.43032826261009,-6.79866989210494,10.0499434069044,0.522243681317896,1.62394338559948,9
"404","vanderbilt 2017",0,9,4.69943005137778,5.14127839021888,5.68609656301146,-8.09765340842364,7.6492816091954,0.425421365084971,1.50813412880603,9
"405","notre-dame 2017",0,5,5.72133945342817,6.4171411083658,5.75345955882353,-6.20356027329517,9.99037328094303,0.438564285834799,1.84679307796278,9
"406","princeton 2017",0,12,6.46231446118737,3.72641742457294,5.65149237472767,-6.44106983074473,10.1073532280086,0.405723394972648,1.75263261402155,7
"407","west-virginia 2017",0,4,7.11114436181514,8.27761823005619,5.46903214285714,-7.00543596634783,13.8197493948455,0.677863981273514,1.8515093406069,10
"408","bucknell 2017",0,13,5.68959190242013,2.19122592802206,5.81489321128909,-8.48204438795353,10.0340005802147,0.48719932023168,1.63831182217892,11
"409","maryland 2017",0,6,5.1082604746673,4.80843501954745,5.58345928924876,-8.11187524166758,9.24739482200647,0.522452710974213,1.57423843936342,9
"410","xavier 2017",0,11,4.83210563569497,5.71028065068701,5.56737144911902,-7.94952001965026,8.36730922626961,0.563834326350119,1.66245780519169,9
"411","florida-state 2017",0,3,5.86147563174844,6.5370906987165,5.65653616703952,-7.27522064240067,11.7398145378403,0.625546689242257,1.81491283741025,11
"412","florida-gulf-coast 2017",0,14,6.07857282840509,1.3490735968939,5.86095104333868,-7.81399903274525,9.20757097791798,0.606036769910788,1.8098518078724,9
"413","saint-marys-ca 2017",0,7,7.59951418618472,6.99742370922141,6.01279497532526,-7.79737593755881,7.63976913345983,0.582995270332216,1.90123270730979,8
"414","virginia-commonwealth 2017",0,10,5.60435477595148,4.37488224758574,5.4715987460815,-7.55784687182308,10.800414997138,0.53398645379124,1.63960318102494,10
"415","arizona 2017",0,2,6.64253653833241,6.84023880958932,5.82891969751531,-7.21691271520762,8.41054570259209,0.520989392065709,1.84678229816236,9
"416","north-dakota 2017",0,15,5.44766429906517,0.0121429529415739,5.78285772690106,-7.83520291434345,9.64335561715311,0.473389829062425,1.69142704157425,8
"417","kansas 2017",0,1,6.44414220798589,8.43646220694749,5.88427569273939,-7.35717198421936,9.5162593297234,0.602956980730627,1.89893321626509,7
"418","california-davis 2017",0,16,4.10536966110519,-1.02588789014144,5.32694879390605,-8.75937092879252,8.52706374085684,0.505257210425888,1.34885128955613,8
"419","miami-fl 2017",0,8,5.07754738191352,5.30587331167625,5.47552325581395,-8.19103481474701,10.1985006119951,0.553451724778597,1.63222574415737,8
"420","michigan-state 2017",0,9,4.66929586861816,5.0530366502944,5.6266929788118,-8.88897274906684,8.18941541186891,0.492991363483597,1.55124067232886,10
"421","iowa-state 2017",0,5,5.7771124410078,6.93871844385441,5.76139367816092,-6.12219876337157,10.0839812712826,0.451308940179619,1.81382594075394,9
"422","nevada 2017",0,12,5.80182658494926,4.05525972068723,5.61341417203486,-6.8926891184741,9.46264819091609,0.538408520044208,1.78465387320406,7
"423","purdue 2017",0,4,6.37710009842085,7.25899224499578,5.9428335832084,-7.88211231735868,6.85922473738719,0.536207284073273,1.72750038972794,8
"424","vermont 2017",0,13,6.58914746142402,2.97094687424289,5.82416932907348,-7.41570506982316,9.79662625967577,0.54457211600141,1.81628991910692,10
"425","creighton 2017",0,6,5.55466780217152,5.98459460701333,5.97201584158416,-8.20897849635054,7.99769497947584,0.316441085155554,1.71935560012406,9
"426","rhode-island 2017",0,11,5.83980733145111,4.90215075309928,5.40744630071599,-6.77976809091116,12.0422331501302,0.569531326042247,1.72306550370059,10
"427","oregon 2017",1,3,6.88383369718185,7.43027123223912,5.85151933701657,-7.31150018054732,12.6531826133764,0.560388334767588,1.93966641942403,8
"428","iona 2017",0,14,4.72561429562325,0.999387734575544,5.72393027522936,-7.15228151418337,8.51673231218089,0.458923517592949,1.6932274637004,9
"429","michigan 2017",0,7,6.16824681421865,7.21221998658618,6.08100108420672,-6.30391262969299,8.30300469483568,0.406517773306506,1.8952327297116,8
"430","oklahoma-state 2017",0,10,5.54834171126936,6.56863420703988,5.82986212179242,-7.51983995064621,9.10021645021645,0.647296080746861,1.87238859891692,9
"431","louisville 2017",0,2,6.59013075277465,8.25550572913168,5.49918435289222,-6.59221916449109,12.0734935948126,0.684654096066497,1.84987288499261,9
"432","jacksonville-state 2017",0,15,4.51904108028561,-0.213013453135535,5.7052661934339,-8.66496851844533,8.41635607577391,0.567169784625292,1.57241039077156,8
"433","north-carolina 2017",1,1,6.57956799903394,8.59532084640646,5.51292317110499,-6.92503478262792,9.75869731800766,0.724072905374125,1.84950168797503,11
"434","texas-southern 2017",0,16,4.60520011493632,-1.42286771579751,5.43132750397456,-7.19334562065835,9.14411078717201,0.682607430022465,1.65017610564347,10
"435","arkansas 2017",0,8,5.06490035169988,5.06216295427902,5.62281710914454,-7.19588120061101,11.3626025791325,0.545391266119578,1.76682737397421,9
"436","seton-hall 2017",0,9,4.82640974729242,4.90785198555957,5.3555431515672,-7.97484826428733,8.65265273311897,0.650087319494585,1.63398804151625,7
"437","minnesota 2017",0,5,5.31804739319592,5.38941320162613,5.30280502634779,-6.79893202689164,11.311131059246,0.495059687254832,1.65354628771129,8
"438","middle-tennessee 2017",0,12,6.59077814876646,4.02714338712669,5.72402410575428,-6.66621223851434,9.16831568257653,0.542949220923762,1.82988411240957,9
"439","butler 2017",0,4,5.78100518083584,6.57127251196526,5.90221153846154,-6.61349782974393,8.71339164530237,0.469586322593378,1.76824512754724,9
"440","winthrop 2017",0,13,5.76206358169242,0.914256758790491,5.68812867791291,-7.91416296686358,10.7194335643266,0.445675529897602,1.66262162210972,10
"441","cincinnati 2017",0,6,7.04985122079056,7.05200569580203,5.54006274509804,-5.95996588188784,12.3078156312625,0.629348391674116,1.93069729084527,9
"442","kansas-state 2017",0,11,4.98979162547252,5.55597673742367,5.6483918128655,-8.40204147001751,10.9805784504721,0.514080023262576,1.63329653969177,8
"443","ucla 2017",0,3,6.89800556554691,7.01926990373608,6.24055538123627,-6.81808540505404,9.75577274644916,0.533110199190554,2.08205088750145,8
"444","kent-state 2017",0,14,4.7859258007296,0.655727234310475,5.23347076461769,-7.45211269178169,9.18032625509774,0.688860938919284,1.57869046680949,10
"445","dayton 2017",0,7,5.96557629066458,4.85866899343093,5.73703267973856,-7.49863582233196,11.6035011293966,0.406225937026667,1.69722659928178,9
"446","wichita-state 2017",0,10,8.21288321996444,7.90459252008864,5.88519852941177,-6.81272815085191,10.1538301662708,0.57550168384024,1.94510130928693,10
"447","kentucky 2017",0,2,6.72191634463625,8.13884537236348,5.65255902999362,-6.57368221082453,9.9215355552557,0.574070549807879,1.84024607208239,9
"448","northern-kentucky 2017",0,15,5.23786359097716,0.820070099401664,5.65278219395866,-7.85890462091737,7.71874710692794,0.575781406445537,1.65202305520372,9
"449","kansas 2016",0,1,6.89715265534846,8.46540182869699,5.97164163464897,-7.60228436368502,8.65819637589549,0.542818128434332,1.85582800858632,9
"450","austin-peay 2016",0,16,3.84771017085754,-1.44377531480539,5.60833270034181,-8.34290185014332,9.0001443001443,0.571279731047263,1.58662454832719,9
"451","colorado 2016",0,8,5.05778401215278,4.44841292643416,5.35583000798085,-7.86500974209498,9.09673735725938,0.617537897793499,1.58480144922437,9
"452","connecticut 2016",0,9,6.24614245217787,6.23863683232538,5.5854780876494,-7.06824049508494,11.1663168487637,0.503532962815428,1.74901510833719,9
"453","maryland 2016",0,5,6.02029245811774,6.24161595692798,5.97133762788935,-8.14630254690517,10.9082334474886,0.48984897156921,1.80362313320086,9
"454","south-dakota-state 2016",0,12,5.64211631572341,2.29375433060723,5.62057536466775,-7.35593357081019,6.66482304274552,0.517311981805473,1.61907830234523,9
"455","california 2016",0,4,5.57411539576816,5.87574823553512,5.54499593165175,-7.75854842277566,8.147661571061,0.562662334582323,1.63860784673249,9
"456","hawaii 2016",0,13,6.33109006232912,3.75059943610043,5.61682338996444,-7.59481883024338,10.4267667576585,0.547668055480291,1.68493547773896,9
"457","arizona 2016",0,6,6.58313749110083,6.80897576039298,5.79601724813799,-7.6685510918811,8.47076086956522,0.594699874617793,1.8107220157432,8
"458","wichita-state 2016",0,11,7.17351601736508,6.93284554402961,5.36240306582507,-6.05262593383532,11.5289477963897,0.501892204907919,1.74444617648403,9
"459","miami-fl 2016",0,3,5.7506558576908,6.5793823557722,5.82092932448262,-7.21222231076997,9.14629281688105,0.509528130404823,1.79525536260163,9
"460","buffalo 2016",0,14,4.41927269002254,0.923136268182749,5.44114666666667,-7.94357895559774,9.31136330355835,0.551738309260397,1.55475344447859,9
"461","iowa 2016",0,7,5.86514338018226,6.30736054608275,5.50104218362283,-6.38274540631836,11.0147610786942,0.540078638635743,1.81876988363144,9
"462","temple 2016",0,10,4.12119067769762,3.09209814501109,4.9825,-5.77501252725509,7.76943933823529,0.485738647515201,1.48388543074137,9
"463","villanova 2016",1,2,7.4308763376244,8.96706388252398,6.01791312867407,-6.95150262859777,10.224072191154,0.504046937295505,1.92452097469962,8
"464","north-carolina-asheville 2016",0,15,5.36614888492731,0.567868468258332,5.49746590409151,-7.76836592560025,11.2616353229763,0.503137994294589,1.61266007823188,7
"465","oregon 2016",0,1,6.17023912866611,6.64048586816468,5.66481877804625,-6.85537384812856,12.3606686599619,0.601998770630606,1.87347088253491,8
"466","holy-cross 2016",0,16,2.73772205326141,-3.36444907527826,5.25749079189687,-7.26579398637203,8.96703633445206,0.370265670915033,1.35275331696273,9
"467","saint-josephs 2016",0,8,5.53827141073212,4.74326427318299,5.53469402985075,-6.13764403901901,8.13882894547547,0.439446897400604,1.70182001118514,8
"468","cincinnati 2016",0,9,6.37958508244633,5.84762220898353,5.33206377325067,-6.53001202434561,13.3488320707071,0.673280128354947,1.82650957524571,8
"469","baylor 2016",0,5,5.59086422223637,5.91539154242885,5.5494968798752,-7.80495805841941,11.4024780058651,0.746837279532823,1.81340822471052,9
"470","yale 2016",0,12,6.62669266587736,4.03791065072418,5.66819912152269,-8.09462336478499,10.0359158826785,0.659058732746523,1.78879723074363,8
"471","duke 2016",0,4,6.04394824609711,7.17624728514767,5.78831074035454,-6.08477163000197,9.32215893303695,0.683139204633348,1.97711288216767,8
"472","north-carolina-wilmington 2016",0,13,5.68154031747735,2.55490501334807,5.50324800671422,-6.42602110096555,10.2134451019066,0.542866551424312,1.72538283389225,9
"473","texas 2016",0,6,4.68345953775207,5.61412581599779,5.286356152513,-6.63088399944411,9.20399455288243,0.616872074949318,1.60809469872881,11
"474","northern-iowa 2016",0,11,5.16460389576479,3.60304106393719,5.74776150627615,-6.94737598837074,8.49933737487664,0.288127665500374,1.59477936184657,8
"475","texas-am 2016",0,3,6.08895249898883,6.47688848153357,5.49334933530281,-7.63673291124361,10.1084245076586,0.609110538834609,1.70659626181403,9
"476","green-bay 2016",0,14,4.64278816652406,0.779531132648903,5.34180272108844,-6.61748419458576,12.1455687369156,0.527759971754947,1.68149696637881,10
"477","oregon-state 2016",0,7,4.33797655786598,3.98430621809706,5.30576518958429,-6.81197721791091,10.5043957880662,0.475495133626847,1.58683347396386,9
"478","virginia-commonwealth 2016",0,10,5.79840102555442,5.06804776197312,5.49188811188811,-7.07205632556651,11.3212235755285,0.56356955884272,1.71675967790222,10
"479","oklahoma 2016",1,2,6.04351242034877,7.45239765306354,5.81899066091954,-7.66929977672101,10.0409321910847,0.528133328346946,1.80944155980923,8
"480","cal-state-bakersfield 2016",0,15,5.94845040263006,1.4888808527834,5.27429730884237,-7.64976014329302,12.7618326449442,0.619048994397397,1.66104632210563,9
"481","north-carolina 2016",1,1,6.84446270477216,8.63017213772495,5.76690468700849,-6.41368682611333,10.7608134790049,0.71642047152772,2.04031152928853,9
"482","florida-gulf-coast 2016",0,16,5.24172374167203,0.106104132481774,5.4773140022892,-7.57298731259943,9.66354181507337,0.575305728725158,1.65771787955531,10
"483","southern-california 2016",0,8,5.07530644068516,4.84138170612904,5.51574426739215,-7.292057365816,9.9708764878652,0.553556390890037,1.72246705450803,8
"484","providence 2016",0,9,4.7821300682167,4.57551311149281,5.24299117882919,-6.98730117100606,9.11103990678707,0.510932570982104,1.53458973373616,8
"485","indiana 2016",0,5,6.97971797540276,7.27064696332046,6.13926267281106,-8.19811790671618,9.89845747025121,0.651791741875629,2.0171740577749,10
"486","chattanooga 2016",0,12,5.69540080239807,1.51305271044377,5.6330795119899,-7.76463848146591,12.2556258681895,0.551233230284963,1.73761055000706,8
"487","kentucky 2016",0,4,6.62940175555405,7.52074791287259,5.72612481857765,-6.68272241674313,10.5859240069085,0.630461838280361,1.90681464758366,9
"488","stony-brook 2016",0,13,6.83349534410241,2.33267110170522,5.62815767284992,-7.35460026278979,10.6752886836028,0.662985768025788,1.90040168546985,8
"489","notre-dame 2016",0,6,4.95598566536593,5.11832643147249,5.71371725731895,-6.44827995546325,8.75404861210988,0.536253523930875,1.85668957553556,8
"490","michigan 2016",0,11,5.79528305012432,5.90240648386389,5.81332373508844,-6.30595245574283,7.18515636690109,0.397575651545594,1.82474491009402,9
"491","west-virginia 2016",0,3,6.46801495508397,7.53245248259942,5.38667160859896,-7.86729483840674,11.5732792348935,0.774357250694275,1.7307263188845,10
"492","stephen-f-austin 2016",0,14,7.79679387888686,3.97641903521805,5.85980361351139,-7.55067574109362,11.851370510397,0.596587633945537,1.90681342725139,9
"493","wisconsin 2016",0,7,4.93807905504529,5.05312663992729,5.26765665236051,-7.00751675642363,8.86257527960998,0.555649429173278,1.54325681573444,9
"494","pittsburgh 2016",0,10,5.74333050684385,5.68727753030926,5.53054087530966,-7.10301901916788,8.51930384556923,0.647590038176497,1.73882153673161,11
"495","xavier 2016",0,2,6.10697096547358,6.62486071294404,5.55700898086685,-7.28047682329537,9.14428416317667,0.573826272989201,1.70769979762396,9
"496","weber-state 2016",0,15,5.8390178548593,0.504535746234933,5.87336210278541,-8.61134898326939,7.37888434579439,0.484701309759284,1.63399993723977,9
"497","virginia 2016",0,1,6.70361303566667,8.85540162980074,5.86199840446749,-6.43001206702088,9.49716172544612,0.49043108690487,1.88789141989661,9
"498","hampton 2016",0,16,3.94078517304957,-2.2926780404655,5.09499779249448,-7.59262849850692,7.7241396025206,0.585704447472068,1.4164992055121,9
"499","texas-tech 2016",0,8,4.66419299846868,4.88972560205625,5.58332572992701,-7.35863417303397,9.97383559405132,0.565931618702506,1.66335140447822,9
"500","butler 2016",0,9,5.8916202023172,5.77040035369838,5.65728073688426,-6.17204221501174,9.54301898835168,0.514375428340407,1.81235823418897,8
"501","purdue 2016",0,5,6.52582004864299,7.28797797327547,5.76207871608712,-7.54608076543699,8.31134894411722,0.56496424643349,1.76508301612899,10
"502","arkansas-little-rock 2016",0,12,6.5874582604366,3.40416093770699,5.60811176968671,-6.59727308546681,9.6494532199271,0.490226158772503,1.7518740435873,9
"503","iowa-state 2016",0,4,5.2242095133982,5.66988234343025,5.92327039543997,-6.88915407090955,9.25394312518323,0.451664262495656,1.8034477682536,8
"504","iona 2016",0,13,5.25782397943444,1.85984986613028,5.72711425206125,-7.68659537116641,10.5729232221523,0.534142543966103,1.75357031684221,9
"505","seton-hall 2016",0,6,5.3984518816872,5.45807408664783,5.33171218915614,-8.12909317581922,10.9950353519828,0.625335736835016,1.62676682282047,8
"506","gonzaga 2016",0,11,6.92815469986746,6.07107099474212,5.88982005141388,-7.18048790748305,7.49329616923957,0.550995910892438,1.82649070795378,8
"507","utah 2016",0,3,5.44840309603632,5.33542121686376,5.86527099236641,-8.0843723419546,8.74807282036695,0.512870188559523,1.73974352848319,9
"508","fresno-state 2016",0,14,5.08238451018118,2.06436013306184,5.26866071428571,-6.45325448824633,12.0448625180897,0.594118334591837,1.65929053373763,10
"509","dayton 2016",0,7,5.36560358259076,4.18754042684083,5.50417805200529,-8.1189063816477,10.1490743646062,0.49724198210174,1.56220486753123,10
"510","syracuse 2016",1,10,5.18927748440775,5.66512843061502,5.40700831024931,-7.66107115365521,12.3145569620253,0.578237446158181,1.68197403639686,7
"511","michigan-state 2016",0,2,7.43736376928701,8.25515993228355,5.8878,-7.28901530519142,9.18814869888476,0.643956061134219,1.92734068775223,12
"512","middle-tennessee 2016",0,15,4.9982311845472,1.68134400817481,5.42293322408849,-7.24143714500227,9.24314306893996,0.468283627158167,1.55878517843602,10
"513","kentucky 2015",1,1,8.90530896147251,10.7963849025588,5.65489098837209,-6.71535585534339,13.3025343758425,0.716740538779094,2.05717916111396,9
"514","hampton 2015",0,16,3.77610873963816,-2.52262180694832,5.04008637236084,-8.30340858925616,9.72089925062448,0.522313681172809,1.37583915411407,8
"515","cincinnati 2015",0,8,5.79505408586829,4.62435412923611,5.36030677882236,-8.48424025871877,12.8071094339623,0.673631621336968,1.67204188092435,9
"516","purdue 2015",0,9,5.06588160973051,4.86584405714002,5.41880726015557,-8.15019522783288,10.3638704930096,0.61797279114731,1.60716046127,10
"517","west-virginia 2015",0,5,5.2855238605698,5.56970715974422,5.0340025199496,-7.57951888556195,12.5862795633717,0.679542163736606,1.6085794835607,10
"518","buffalo 2015",0,12,5.3703659705088,3.08280670456954,5.34271635610766,-7.12158709885342,11.2058400856138,0.586110161341563,1.71975463492881,8
"519","maryland 2015",0,4,5.38844997651928,4.98889302719764,5.66522469550609,-8.29224288123133,9.175,0.509385849376537,1.60923987919922,10
"520","valparaiso 2015",0,13,6.2612796270738,2.69698988079229,5.51408351648352,-8.31218360457286,11.2855590765052,0.587752882490862,1.70795165196841,9
"521","butler 2015",0,6,5.78610855162125,6.37931932195457,5.25464333185645,-7.27505619185276,9.26498954911914,0.565533470814503,1.60891068111682,8
"522","texas 2015",0,11,5.7157765998606,6.13898661700141,5.37739981785064,-8.31176407002392,11.5705267938238,0.640918036587734,1.68935141236361,9
"523","notre-dame 2015",0,3,7.08455591413941,7.56934736304699,6.15312002892263,-6.22209730305046,10.0744389555399,0.463903274223089,2.15789756265757,7
"524","northeastern 2015",0,14,4.85234878349907,1.43337708262092,5.85293739279588,-9.41523549948156,8.78546325878594,0.513811580963307,1.66526353382215,8
"525","wichita-state 2015",0,7,7.50399342189408,7.01542366436649,5.48857933579336,-6.06661003987499,11.8512122218532,0.590095438561422,1.9836688911448,8
"526","indiana 2015",0,10,5.30996057446356,4.87642060985118,5.77732613908873,-7.2427464714687,7.64894175807199,0.608569799077974,1.82575400977735,9
"527","kansas 2015",0,2,5.39242782104912,6.70604133169342,5.42745447187373,-8.10385797881884,10.3138790035587,0.612103201988398,1.65688270570523,10
"528","new-mexico-state 2015",0,15,6.26273905372958,2.26986998892234,5.60356600189933,-9.0328212803731,9.79111328125,0.73173847444812,1.76067489220285,8
"529","wisconsin 2015",1,1,7.74706239579605,9.58550492179187,5.94251615218952,-5.08102049651848,7.35883115200207,0.535188563538241,2.09244493687852,8
"530","coastal-carolina 2015",0,16,6.1413279286972,0.178245006394175,5.40118150684932,-7.48684158167497,10.6801334546557,0.647183663307433,1.77979656624295,9
"531","oregon 2015",0,8,5.01577203828183,4.49951639456315,5.58849560901107,-7.26900199082841,9.44453675021121,0.508431293326152,1.72854400996421,8
"532","oklahoma-state 2015",0,9,5.16503988083002,4.97813583608305,5.47951171875,-8.18237405446481,12.5868895444117,0.45109285724438,1.6236585828078,10
"533","arkansas 2015",0,5,5.50544105490251,5.0790196987721,5.45491318803103,-7.33568070256529,11.3968204400284,0.635216928443253,1.76449966731859,10
"534","wofford 2015",0,12,5.68775033445183,1.32343926135491,5.50584897424705,-7.52548747002349,9.10369412102918,0.49501261047876,1.62487904906025,10
"535","north-carolina 2015",0,4,5.89051296290802,7.48803418304207,5.48520476023801,-7.49086224321659,10.4011339092873,0.667625657934547,1.82017606677739,10
"536","harvard 2015",0,13,5.80409958452362,2.25777722279751,5.2835,-7.72112796123067,12.1231693989071,0.581229495324349,1.68510853157474,8
"537","xavier 2015",0,6,5.47698208823776,5.97656466080379,5.7485051140834,-7.89975502377447,8.63754980079681,0.538487472234398,1.7469960698063,8
"538","mississippi 2015",0,11,4.89653634815625,4.31124668314257,5.3121878914405,-6.92335691197117,10.3818766836277,0.585596551089069,1.65534501829589,10
"539","baylor 2015",0,3,6.15025582738467,6.94340883207312,5.32474040632054,-8.06955905122769,11.7760043096814,0.752236907263141,1.76640223042246,8
"540","georgia-state 2015",0,14,6.23884894828306,2.41183436618402,5.63174656106711,-6.93999179549644,13.824581988853,0.509893332305166,1.8716559027318,9
"541","virginia-commonwealth 2015",0,7,5.55071901907795,5.28360792538053,5.22757847533632,-6.69843708243735,13.2599221228728,0.514778898325502,1.75909982131497,10
"542","ohio-state 2015",0,10,6.78055421646945,7.15651829908141,5.65598505701927,-7.43628804493186,12.7459526957544,0.580926735555924,1.93142039624177,9
"543","arizona 2015",0,2,7.86679615059589,8.87886573928274,5.76865180467091,-7.22826441227658,10.2881141472607,0.610337659176303,1.92514764662838,9
"544","texas-southern 2015",0,15,4.01124663946263,-1.74775345373125,5.38377150419056,-8.18022774669954,8.83380218464761,0.525809854019706,1.5400323373524,9
"545","villanova 2015",0,1,7.7460504303896,8.63876020224054,5.93497378277154,-7.02659883419843,11.173425477344,0.566238642215077,1.991005688522,8
"546","lafayette 2015",0,16,4.28305512463844,-0.692014880660571,5.97758798283262,-7.32766338823736,7.79056874303011,0.483513839036364,1.83563002408397,9
"547","north-carolina-state 2015",0,8,4.97518942696894,5.30025532548023,5.31358686257563,-6.59745824986083,8.64123817966903,0.568467732474118,1.65781979650549,8
"548","louisiana-state 2015",0,9,5.37840517397866,4.40502046045091,5.35432192085371,-8.49805867851825,11.5542885473475,0.553088983512352,1.71037222980017,6
"549","northern-iowa 2015",0,5,6.86786909090909,5.75741090909091,5.98914350797267,-8.06957342095561,9.39268363636364,0.437917090909091,1.81981672727273,9
"550","wyoming 2015",0,12,5.46925371837051,2.65903426581964,5.74194244604317,-8.09749547103669,9.1103091165856,0.35887793143062,1.63380531380814,7
"551","louisville 2015",0,4,6.38061101489387,7.01753648329984,5.20277538726334,-7.18031533663937,12.7392443631932,0.629293875663928,1.77962005691624,8
"552","california-irvine 2015",0,13,5.22489702358202,1.62870994029455,5.46447048219919,-8.09553914531105,10.48348201011,0.561329678351275,1.68502709905736,11
"553","providence 2015",0,6,4.90254071958988,5.13672792549743,5.28753246753247,-7.89023150758266,11.889985141159,0.566178885168801,1.62897565084549,9
"554","dayton 2015",0,11,5.85213744867453,4.28170256919902,5.7332023911187,-8.09916364206953,9.31743604401887,0.437447973610215,1.63721566740159,8
"555","oklahoma 2015",0,3,6.03380891921787,6.99155773603046,5.37943703085905,-7.60616674463979,11.0862874251497,0.551642850310543,1.70340047259368,8
"556","albany-ny 2015",0,14,5.2565998562368,0.384883225475804,5.49154541131717,-8.07339758735425,7.71290767110703,0.53189437584722,1.5830190155464,9
"557","michigan-state 2015",1,7,5.82567713561066,6.76147372019368,5.53267870579383,-7.36184182911858,9.97896882809417,0.587870945095687,1.76981039354037,9
"558","georgia 2015",0,10,5.02547777304531,4.94020402018882,5.35394639556377,-8.12707809558513,10.1771679473106,0.567711111772697,1.57187545683418,9
"559","virginia 2015",0,2,7.55058417326745,8.82240791435961,5.45433579335793,-6.70411557191525,11.0020095266448,0.600398610444843,1.85001963905624,10
"560","belmont 2015",0,15,5.20522104446005,1.5644382416905,5.99305940594059,-8.87136597321039,8.27347663551402,0.473951344532539,1.79828661289678,7
"561","duke 2015",1,1,7.43362960011824,9.13456191645087,5.98508413064995,-7.03041604243211,10.1352713677968,0.619722717371049,2.0534849217008,9
"562","robert-morris 2015",0,16,4.16098092122907,-0.623391169769534,5.4208354978355,-8.73214705554907,10.7145207118289,0.539264995241833,1.55823104775626,9
"563","san-diego-state 2015",0,8,5.892600114415,4.91996481431086,5.00308816595945,-7.44454686407719,12.4134468330688,0.587767142148446,1.58896795777735,10
"564","st-johns-ny 2015",0,9,5.15960502829766,5.48802129017036,5.3901876430206,-6.74175320578157,14.2018515372855,0.467087752914675,1.83174395401272,6
"565","utah 2015",0,5,7.41544683235987,7.95241338362655,5.95339942172656,-7.93839941145998,11.1142731664471,0.534532294188212,1.86589581527833,11
"566","stephen-f-austin 2015",0,12,7.3829745255845,3.4954667698657,5.97206910405785,-8.59204000510248,10.4469025157233,0.636821575698538,1.87212286436288,10
"567","georgetown 2015",0,4,5.33077494030438,6.00382339684884,5.60208869179601,-8.32407386356584,12.7513188338732,0.592202265077341,1.73633483251661,9
"568","eastern-washington 2015",0,13,5.66030101985295,0.891297037725106,5.95600153491942,-6.67086530164511,10.2020208399116,0.498061318296187,2.02553986224432,7
"569","southern-methodist 2015",0,6,6.41920299133194,5.34107869242536,5.61412416851441,-8.24672945512567,12.6399879735418,0.660390346156025,1.82539368874285,9
"570","ucla 2015",0,11,4.83000930742011,4.58764889105609,5.31449367088608,-7.39266136724143,10.3422859564849,0.572928312616299,1.66158631354822,8
"571","iowa-state 2015",0,3,5.93944022757683,6.65789298814896,5.75474980142971,-6.95162016917172,9.56922007722008,0.494410868361762,1.8396785947935,8
"572","alabama-birmingham 2015",0,14,4.24243330993489,1.19457002082507,5.2832628909552,-8.40992468370929,11.1690855290968,0.597619566924343,1.55686801020997,9
"573","iowa 2015",0,7,5.81317575929165,6.06690397146863,5.3493430335097,-7.12688435313817,11.3194187982443,0.625807194034349,1.74106741496071,9
"574","davidson 2015",0,10,6.35212580776544,4.65697585934656,5.80995866060356,-5.93587502206347,7.87279674796748,0.509936364556121,1.90723674391295,9
"575","gonzaga 2015",0,2,8.03922862039648,7.85908512255795,6.09374729241877,-6.79591933384425,8.76959459459459,0.587210473992704,2.07166898332456,8
"576","north-dakota-state 2015",0,15,4.64939972584606,0.180723920145191,5.36832607643928,-7.08320872577071,9.04651054590571,0.434794933703427,1.58402689100032,7
